,Province,Region,Population (2020),Electorate,Major Settlements,Area,Created,Extract Representative,Political Party,Congressional Bloc,Constituent LGUs History,Article Link
0,Abra,Cordillera Administrative Region,"{'No.': 250985, 'Year': 2020}","{'No.': 182696, 'Year': 2022}","{'Quantity': None, 'LGUs': None}",4165.25,,Menchie Bernos,  Lakas–CMD,Majority,,/wiki/Abra%27s_at-large_congressional_district
1,Agusan del Norte,Caraga,"{'No.': 403150, 'Year': 2020}","{'No.': 246909, 'Year': 2022}",,1399.31,1987.0,Jose Aquino II,  Lakas–CMD,Majority,,/wiki/Agusan_del_Norte%27s_1st_congressional_district
2,Agusan del Norte,Caraga,"{'No.': 357263, 'Year': 2020}","{'No.': 255207, 'Year': 2022}",,2147.55,1987.0,Dale Corvera,  Lakas–CMD,Majority,,/wiki/Agusan_del_Norte%27s_2nd_congressional_district
3,,Caraga,"{'No.': None, 'Year': None}","{'No.': None, 'Year': None}",,,,Alfel Bascug,  NUP,Majority,,/wiki/Agusan_del_Sur%27s_1st_congressional_district
4,Agusan del Sur,Caraga,"{'No.': None, 'Year': None}","{'No.': None, 'Year': None}",,,,Eddiebong Plaza,  NUP,Majority,,/wiki/Agusan_del_Sur%27s_2nd_congressional_district
5,Aklan,Western Visayas,"{'No.': 313775, 'Year': 2020}","{'No.': 209315, 'Year': 2022}",,,2018.0,Carlito Marquez,  NPC,Majority,"{'2019–present:': ['Altavas,', 'Balete,', 'Banga,', 'Batan,', 'Kalibo,', 'Libacao,', 'Madalag,', 'New', 'Washington']}",/wiki/Aklan%27s_1st_congressional_district
6,Aklan,Western Visayas,"{'No.': 301700, 'Year': 2020}","{'No.': 200623, 'Year': 2022}",,,2018.0,Teodorico Haresco Jr.,  Nacionalista,Majority,"{'2019–present:': ['Buruanga,', 'Ibajay,', 'Lezo,', 'Makato,', 'Malay,', 'Malinao,', 'Nabas,', 'Numancia,', 'Tangalan']}",/wiki/Aklan%27s_2nd_congressional_district
7,Albay,Bicol Region,"{'No.': 395907, 'Year': 2020}","{'No.': 265019, 'Year': 2022}",,547.88,1907.0,Edcel Lagman,  Liberal,Minority,,/wiki/Albay%27s_1st_congressional_district
8,Albay,Bicol Region,"{'No.': 477781, 'Year': 2020}","{'No.': 265019, 'Year': 2022}",,665.94,1907.0,Joey Salceda,  Lakas–CMD,Majority,,/wiki/Albay%27s_2nd_congressional_district
9,Albay,Bicol Region,"{'No.': 489114, 'Year': 2015}","{'No.': 268503, 'Year': 2016}",,1361.95,1907.0,Fernando Cabredo,  National Unity,Majority,,/wiki/Albay%27s_3rd_congressional_district
10,"Rizal, Calabarzon","
At-large*
","{'No.': 379568, 'Year': 2020}","{'No.': 224611, 'Year': 2019}",,35.15,2003.0,Roberto Puno,  NUP,Majority,,/wiki/Antipolo%27s_1st_congressional_district
11,"Rizal, Calabarzon","
At-large*
","{'No.': 507831, 'Year': 2020}","{'No.': 256180, 'Year': 2022}",,258.57,2003.0,Romeo Acop,  NUP,Majority,,/wiki/Antipolo%27s_2nd_congressional_district
12,Antique,Western Visayas,"{'No.': 612974, 'Year': 2020}","{'No.': 387998, 'Year': 2022}","{'Quantity': None, 'LGUs': None}",2729.17,,Antonio Legarda Jr.,  NPC,Majority,,/wiki/Antique%27s_at-large_congressional_district
13,Apayao,Cordillera Administrative Region,"{'No.': 124336, 'Year': 2020}","{'No.': 78454, 'Year': 2022}","{'Quantity': None, 'LGUs': None}",4413.35,1995.0,Eleonor Bulut Begtang,  NPC,Majority,,/wiki/Apayao%27s_at-large_congressional_district
14,Aurora,Central Luzon,"{'No.': 235750, 'Year': 2020}","{'No.': 154688, 'Year': 2022}","{'Quantity': None, 'LGUs': None}",3147.32,1984.0,Rommel T. Angara,  LDP,Majority,,/wiki/Aurora%27s_at-large_congressional_district
15,,Negros Island Region,"{'No.': 561875, 'Year': 2015}","{'No.': 312816, 'Year': 2019}","{'Quantity': None, 'LGUs': None}",162.67,1943.0,Greg G. Gasataya,  NPC,Majority,,/wiki/Bacolod%27s_at-large_congressional_district
16,"
At-large
1st*
2nd*
3rd*
",Cordillera Administrative Region,"{'No.': 345366, 'Year': 2015}","{'No.': 164125, 'Year': 2019}","{'Quantity': None, 'LGUs': None}",57.51,1992.0,Marquez Go,  Nacionalista,Majority,,/wiki/Baguio%27s_at-large_congressional_district
17,Basilan,Zamboanga Peninsula (Isabela)Bangsamoro (Rest of Basilan),"{'No.': 459367, 'Year': 2015}","{'No.': 263017, 'Year': 2019}","{'Quantity': None, 'LGUs': None}",1327.23,1984.0,Mujiv Hataman,  BUP,Minority,,/wiki/Basilan%27s_at-large_congressional_district
18,Bataan,Central Luzon,"{'No.': 229071, 'Year': 2020}","{'No.': 156757, 'Year': 2022}",,357.92,1987.0,Geraldine Roman,  Lakas–CMD,Majority,,/wiki/Bataan%27s_1st_congressional_district
19,Bataan,Central Luzon,"{'No.': 289455, 'Year': 2020}","{'No.': 197735, 'Year': 2022}",,318.24,1987.0,Albert Garcia,  NUP,Majority,,/wiki/Bataan%27s_2nd_congressional_district
20,Bataan,Central Luzon,"{'No.': 334847, 'Year': 2020}","{'No.': 211987, 'Year': 2022}",,696.82,2021.0,Ma. Angela Garcia,  NUP,Majority,,/wiki/Bataan%27s_3rd_congressional_district
21,Batanes,Cagayan Valley,"{'No.': 18831, 'Year': 2020}","{'No.': 13820, 'Year': 2022}","{'Quantity': None, 'LGUs': None}",219.01,,Ciriaco B. Gato Jr.,  NPC,Majority,,/wiki/Batanes%27s_at-large_congressional_district
22,Batangas,Calabarzon,"{'No.': 635962, 'Year': 2020}","{'No.': 393786, 'Year': 2022}",,924.83,1907.0,Eric Buhain,  Nacionalista,Majority,,/wiki/Batangas%27s_1st_congressional_district
23,Batangas,Calabarzon,"{'No.': 306809, 'Year': 2020}","{'No.': 196497, 'Year': 2022}",,399.14,1907.0,Gerville Luistro,  Lakas,Majority,,/wiki/Batangas%27s_2nd_congressional_district
24,Batangas,Calabarzon,"{'No.': 768561, 'Year': 2020}","{'No.': 478027, 'Year': 2022}",,545.73,1907.0,Ma. Theresa V. Collantes,  NPC,Majority,,/wiki/Batangas%27s_3rd_congressional_district
25,Batangas,Calabarzon,"{'No.': 472794, 'Year': 2020}","{'No.': 307973, 'Year': 2022}",,757.69,1987.0,Lianda B. Bolilia,  Nacionalista,Majority,,/wiki/Batangas%27s_4th_congressional_district
26,Batangas,Calabarzon,"{'No.': 351437, 'Year': 2020}","{'No.': 220199, 'Year': 2022}",,282.96,2015.0,Mario Vittorio A. Mariño,  Nacionalista,Majority,,/wiki/Batangas%27s_5th_congressional_district
27,Batangas,Calabarzon,"{'No.': 372931, 'Year': 2020}","{'No.': 222589, 'Year': 2022}",,209.4,2015.0,Vacant,,,,/wiki/Batangas%27s_6th_congressional_district
28,,,"{'No.': None, 'Year': None}","{'No.': None, 'Year': None}","{'Quantity': None, 'LGUs': None}",,,,,,,/wiki/Legislative_districts_of_Benguet
29,Biliran,Eastern Visayas,"{'No.': 179312, 'Year': 2020}","{'No.': 123232, 'Year': 2022}","{'Quantity': None, 'LGUs': None}",536.01,1991.0,Gerardo Espina Jr.,  Lakas–CMD,Majority,,/wiki/Biliran%27s_at-large_congressional_district
30,Laguna,"
At-large*
","{'No.': 407437, 'Year': 2020}","{'No.': 223491, 'Year': 2022}",,43.5,2015.0,Marlyn Alonte-Naguiat,  Lakas–CMD,Majority,,/wiki/Bi%C3%B1an%27s_at-large_congressional_district
31,Bohol,Central Visayas,"{'No.': 443038, 'Year': 2015}","{'No.': 268381, 'Year': 2016}",,1002.68,1907.0,Edgar Chatto,  NUP,Majority,,/wiki/Bohol%27s_1st_congressional_district
32,Bohol,Central Visayas,"{'No.': 439771, 'Year': 2015}","{'No.': 257827, 'Year': 2016}",,1640.57,1907.0,Vanessa Aumentado,  PRP,Majority,,/wiki/Bohol%27s_2nd_congressional_district
33,Bohol,Central Visayas,"{'No.': 452705, 'Year': 2020}","{'No.': 320786, 'Year': 2022}",,2187.54,1907.0,Alexie Tutor,  Lakas–CMD,Majority,,/wiki/Bohol%27s_3rd_congressional_district
34,Bukidnon,Northern Mindanao,"{'No.': 302272, 'Year': 2015}","{'No.': 192203, 'Year': 2019}",,2681.51,1987.0,Jose Manuel F. Alba,  BPP,Majority,,/wiki/Bukidnon%27s_1st_congressional_district
35,Bukidnon,Northern Mindanao,"{'No.': 374395, 'Year': 2015}","{'No.': 247814, 'Year': 2022}",,3297.07,1987.0,Jonathan Keith Flores,  Lakas–CMD,Majority,,/wiki/Bukidnon%27s_2nd_congressional_district
36,Bukidnon,Northern Mindanao,"{'No.': 482016, 'Year': 2020}","{'No.': 301841, 'Year': 2022}",,3219.57,1987.0,Jose Maria Zubiri Jr.,  BPP,Majority,,/wiki/Bukidnon%27s_3rd_congressional_district
37,Bukidnon,Northern Mindanao,"{'No.': 316837, 'Year': 2020}","{'No.': 189689, 'Year': 2022}",,1300.44,2012.0,Laarni Roque,  Nacionalista,Majority,,/wiki/Bukidnon%27s_4th_congressional_district
38,Bulacan,Central Luzon,"{'No.': 758872, 'Year': 2020}","{'No.': 437780, 'Year': 2022}",,385.732,1907.0,Danilo A. Domingo,  NUP,Majority,,/wiki/Bulacan%27s_1st_congressional_district
39,Bulacan,Central Luzon,"{'No.': 360101, 'Year': 2020}","{'No.': 224922, 'Year': 2022}",,266.71,1907.0,Augustina Dominique C. Pancho,  NUP,Majority,,/wiki/Bulacan%27s_2nd_congressional_district
40,Bulacan,Central Luzon,"{'No.': 419539, 'Year': 2020}","{'No.': 265734, 'Year': 2022}",,1829.27,1987.0,Lorna Silverio,  NUP,Majority,,/wiki/Bulacan%27s_3rd_congressional_district
41,Bulacan,Central Luzon,"{'No.': 540104, 'Year': 2020}","{'No.': 265701, 'Year': 2022}",,117.94,1987.0,Linabelle Villarica,  PFP,Majority,,/wiki/Bulacan%27s_4th_congressional_district
42,Bulacan,Central Luzon,"{'No.': 486960, 'Year': 2020}","{'No.': 291581, 'Year': 2022}",,119.23,2021.0,Ambrosio Cruz Jr.,  Lakas-CMD,Majority,,/wiki/Bulacan%27s_5th_congressional_district
43,Bulacan,Central Luzon,"{'No.': 491501, 'Year': 2020}","{'No.': 260065, 'Year': 2022}",,453.44,2021.0,Salvador A. Pleyto,  Lakas-CMD,Majority,,/wiki/Bulacan%27s_6th_congressional_district
44,Cagayan,Cagayan Valley,"{'No.': 459819, 'Year': 2020}","{'No.': 271961, 'Year': 2022}",,4221.45,1907.0,Ramon C. Nolasco Jr.,  NPC,Majority,,/wiki/Cagayan%27s_1st_congressional_district
45,Cagayan,Cagayan Valley,"{'No.': 307226, 'Year': 2015}","{'No.': 178050, 'Year': 2016}",,2751.4,1907.0,Baby Aline Vargas-Alfonso,  Lakas–CMD,Majority,,/wiki/Cagayan%27s_2nd_congressional_district
46,Cagayan,Cagayan Valley,"{'No.': 457679, 'Year': 2015}","{'No.': 273443, 'Year': 2019}",,2322.9,1987.0,Joseph L. Lara,  PDP–Laban,Majority,,/wiki/Cagayan%27s_3rd_congressional_district
47,,Northern Mindanao,"{'No.': 383945, 'Year': 2020}","{'No.': 177163, 'Year': 2022}",,377.81,2007.0,Lordan Suan,  Lakas–CMD  Padayon Pilipino,Majority,,/wiki/Cagayan_de_Oro%27s_1st_congressional_district
48,,Northern Mindanao,"{'No.': 342474, 'Year': 2015}","{'No.': 180214, 'Year': 2019}",,123.5,2007.0,Rufus Rodriguez,  CDP,Majority,,/wiki/Cagayan_de_Oro%27s_2nd_congressional_district
49,"Laguna, Calabarzon","
At-large*
","{'No.': 539671, 'Year': 2020}","{'No.': 332844, 'Year': 2022}",,149.5,2018.0,Charisse Anne Hernandez,  Lakas–CMD,Majority,,/wiki/Calamba%27s_at-large_congressional_district
50,,Metro Manila,"{'No.': 953125, 'Year': 2020}","{'No.': 342766, 'Year': 2022}",,34.86,1987.0,Oscar Malapitan,  Nacionalista Party,Majority,,/wiki/Caloocan%27s_1st_congressional_district
51,,Metro Manila,"{'No.': 381690, 'Year': 2020}","{'No.': 233294, 'Year': 2022}",,7.67,1987.0,Mary Mitzi Cajayon-Uy,  Lakas–CMD,Majority,"{'1987–present': ['Barangays', '5–76,', '86–131']}",/wiki/Caloocan%27s_2nd_congressional_district
52,,Metro Manila,"{'No.': 327769, 'Year': 2020}","{'No.': 124219, 'Year': 2022}",,11.53,2021.0,Dean Asistio,  Lakas–CMD,Majority,,/wiki/Caloocan%27s_3rd_congressional_district
53,Camarines Norte,Bicol Region,"{'No.': None, 'Year': None}","{'No.': 192328, 'Year': 2022}",,,,Josefina Tallado,  PDP–Laban,Majority,,/wiki/Camarines_Norte%27s_1st_congressional_district
54,Camarines Norte,Bicol Region,"{'No.': 316789, 'Year': 2020}","{'No.': 192543, 'Year': 2022}",,,2009.0,Rosemarie C. Panotes,  Lakas–CMD,Majority,,/wiki/Camarines_Norte%27s_2nd_congressional_district
55,Camarines Sur,Bicol Region,"{'No.': 207496, 'Year': 2020}","{'No.': 136519, 'Year': 2022}",,1097.88,1919.0,Tsuyoshi Anthony G. Horibata,  PDP,Majority,,/wiki/Camarines_Sur%27s_1st_congressional_district
56,Camarines Sur,Bicol Region,"{'No.': 343942, 'Year': 2020}","{'No.': 217470, 'Year': 2022}",,819.21,1919.0,Luis Raymund Villafuerte,  NUP,Majority,,/wiki/Camarines_Sur%27s_2nd_congressional_district
57,Camarines Sur,Bicol Region,"{'No.': 554323, 'Year': 2020}","{'No.': 336042, 'Year': 2022}",,614.51,1987.0,Gabriel Bordado,  Liberal,Minority,"{'1987–2010': ['Caramoan,', 'Garchitorena,', 'Goa,', 'Lagonoy,', 'Presentacion,', 'Sagñay,', 'San', 'Jose,', 'Siruma,', 'Tigaon,', 'Tinambac'], '2010–present': ['Bombon,', 'Calabanga,', 'Camaligan,', 'Canaman,', 'Magarao,', 'Naga,', 'Ocampo,', 'Pili']}",/wiki/Camarines_Sur%27s_3rd_congressional_district
58,Camarines Sur,Bicol Region,"{'No.': 462770, 'Year': 2020}","{'No.': 300303, 'Year': 2022}",,2010.75,1987.0,Arnulf Bryan Fuentebella,  NPC,Majority,,/wiki/Camarines_Sur%27s_4th_congressional_district
59,Camarines Sur,Bicol Region,"{'No.': 499713, 'Year': 2020}","{'No.': 317219, 'Year': 2022}",,954.68,2009.0,Miguel Luis R. Villafuerte,  PDP,Majority,,/wiki/Camarines_Sur%27s_5th_congressional_district
60,Camiguin,Northern Mindanao,"{'No.': 92808, 'Year': 2020}","{'No.': 64090, 'Year': 2022}","{'Quantity': None, 'LGUs': None}",237.95,1966.0,Jurdin Jesus M. Romualdo,  Lakas–CMD,Majority,,/wiki/Camiguin%27s_at-large_congressional_district
61,Capiz,Western Visayas,"{'No.': 413213, 'Year': 2015}","{'No.': 239712, 'Year': 2016}",,730.412,1907.0,Emmanuel A. Billones,  Liberal,Majority,,/wiki/Capiz%27s_1st_congressional_district
62,Capiz,Western Visayas,"{'No.': 348171, 'Year': 2015}","{'No.': 217670, 'Year': 2016}",,1864.23,1907.0,Jane T. Castro,  Lakas,Majority,,/wiki/Capiz%27s_2nd_congressional_district
63,Catanduanes,Bicol Region,"{'No.': 271879, 'Year': 2020}","{'No.': 198872, 'Year': 2022}","{'Quantity': None, 'LGUs': None}",1492.16,,Leo Rodriguez,  Independent,Majority,,/wiki/Catanduanes%27s_at-large_congressional_district
64,Cavite,Calabarzon,"{'No.': 368468, 'Year': 2020}","{'No.': 260439, 'Year': 2022}",,88.34,1987.0,Jolo Revilla,  Lakas-CMD,Majority,,/wiki/Cavite%27s_1st_congressional_district
65,Cavite,Calabarzon,"{'No.': 664625, 'Year': 2020}","{'No.': 294496, 'Year': 2022}",,46.17,1987.0,Lani Mercado,  Lakas–CMD,Majority,,/wiki/Cavite%27s_2nd_congressional_district
66,Cavite,Calabarzon,"{'No.': 496794, 'Year': 2020}","{'No.': 224081, 'Year': 2022}",,64.7,1987.0,Adrian Jay Advincula,  NUP,Majority,,/wiki/Cavite%27s_3rd_congressional_district
67,Cavite,Calabarzon,"{'No.': 703141, 'Year': 2020}","{'No.': 400074, 'Year': 2022}",,90.13,2009.0,Vacant,,,"{'2010–2019:': ['Dasmariñas'], '2019–present:': ['Dasmariñas']}",/wiki/Cavite%27s_4th_congressional_district
68,Cavite,Calabarzon,"{'No.': 574333, 'Year': 2020}","{'No.': 298625, 'Year': 2022}",,251.75,2009.0,Roy M. Loyola,  NPC,Majority,,/wiki/Cavite%27s_5th_congressional_district
69,Cavite,Calabarzon,"{'No.': 450583, 'Year': 2020}","{'No.': 193284, 'Year': 2022}",,81.462,2009.0,Antonio Ferrer,  NUP,Majority,"{'2010–2019:': ['Amadeo,', 'General', 'Trias,', 'Tanza,', 'Trece', 'Martires']}",/wiki/Cavite%27s_6th_congressional_district
70,Cavite,Calabarzon,"{'No.': 633219, 'Year': 2020}","{'No.': 365184, 'Year': 2022}",,245.61,2009.0,Crispin Diego Remulla,  NUP,,"{'2010–2019:': ['Alfonso,', 'General', 'Emilio', 'Aguinaldo,', 'Indang,', 'Magallanes,', 'Maragondon,', 'Mendez,', 'Naic,', 'Tagaytay,', 'Ternate'], '2019–present:': ['Amadeo,', 'Indang,', 'Tanza,', 'Trece', 'Martires']}",/wiki/Cavite%27s_7th_congressional_district
71,Cavite,Calabarzon,"{'No.': 453666, 'Year': 2020}","{'No.': 284147, 'Year': 2022}",,558.1,2018.0,Aniela Bianca Tolentino,  NUP,Majority,"{'2019–present:': ['Alfonso,', 'General', 'Emilio', 'Aguinaldo,', 'Magallanes,', 'Maragondon,', 'Mendez,', 'Naic,', 'Tagaytay,', 'Ternate']}",/wiki/Cavite%27s_8th_congressional_district
72,Cebu,Central Visayas,"{'No.': 809335, 'Year': 2020}","{'No.': 470692, 'Year': 2022}",,527.06,1907.0,Rhea Gullas,  Lakas–CMD,Majority,,/wiki/Cebu%27s_1st_congressional_district
73,Cebu,Central Visayas,"{'No.': 257658, 'Year': 2020}","{'No.': 175265, 'Year': 2022}",,740.672,1907.0,Edsel Galeos,  Lakas-CMD,Majority,,/wiki/Cebu%27s_2nd_congressional_district
74,Cebu,Central Visayas,"{'No.': 541152, 'Year': 2015}","{'No.': 329076, 'Year': 2016}",,1258.08,1907.0,Pablo John Garcia,  NUP,Majority,,/wiki/Cebu%27s_3rd_congressional_district
75,Cebu,Central Visayas,"{'No.': 484198, 'Year': 2015}","{'No.': 289179, 'Year': 2016}",,740.41,1907.0,Janice Z. Salimbangon,  NUP,Majority,,/wiki/Cebu%27s_4th_congressional_district
76,Cebu,Central Visayas,"{'No.': 558548, 'Year': 2015}","{'No.': 397223, 'Year': 2022}",,877.67,1907.0,Vincent Franco D. Frasco,  NUP,Majority,,/wiki/Cebu%27s_5th_congressional_district
77,Cebu,Central Visayas,"{'No.': 218607, 'Year': 2020}","{'No.': 140635, 'Year': 2022}",,89.05,1907.0,Daphne Lagon,  Lakas-CMD,Majority,,/wiki/Cebu%27s_6th_congressional_district
78,Cebu,Central Visayas,"{'No.': 214364, 'Year': 2015}","{'No.': 139790, 'Year': 2016}",,641.62,1907.0,Peter John Calderon,  NPC,Majority,,/wiki/Cebu%27s_7th_congressional_district
79,,Central Visayas,"{'No.': 396099, 'Year': 2015}","{'No.': 325577, 'Year': 2019}",,,1987.0,Rachel del Mar,  NPC,Majority,,/wiki/Cebu_City%27s_1st_congressional_district
80,,Central Visayas,"{'No.': 526512, 'Year': 2015}","{'No.': 384031, 'Year': 2019}",,,1987.0,Eduardo Rama Jr.,  Lakas,Majority,,/wiki/Cebu_City%27s_2nd_congressional_district
81,Cotabato,Soccsksargen,"{'No.': 525690, 'Year': 2015}","{'No.': 269395, 'Year': 2019}",,2420.58,1987.0,Joselito S. Sacdalan,  PDP–Laban,Majority,,/wiki/Cotabato%27s_1st_congressional_district
82,Cotabato,Soccsksargen,"{'No.': 394354, 'Year': 2015}","{'No.': 250013, 'Year': 2019}",,3321.37,1987.0,Rudy S. Caoagdan,  Nacionalista,Majority,,/wiki/Cotabato%27s_2nd_congressional_district
83,Cotabato,Soccsksargen,"{'No.': 459703, 'Year': 2015}","{'No.': 253883, 'Year': 2019}",,3266.95,2012.0,Samantha Santos,  Lakas-CMD,Majority,,/wiki/Cotabato%27s_3rd_congressional_district
84,,Davao Region,"{'No.': 618729, 'Year': 2020}","{'No.': 355052, 'Year': 2022}",,97.47,1987.0,Paolo Duterte,  NUP  HNP  HTL,Majority,,/wiki/Davao_City%27s_1st_congressional_district
85,,Davao Region,"{'No.': 592250, 'Year': 2015}","{'No.': 354747, 'Year': 2022}",,830.37,1987.0,Vincent Garcia,  Lakas–CMD  HNP,Majority,,/wiki/Davao_City%27s_2nd_congressional_district
86,,Davao Region,"{'No.': 448005, 'Year': 2015}","{'No.': 282739, 'Year': 2022}",,1298.97,1987.0,Isidro Ungab,  Lakas–CMD  HNP,Majority,,/wiki/Davao_City%27s_3rd_congressional_district
87,Davao de Oro,Davao Region,"{'No.': 334656, 'Year': 2015}","{'No.': 210940, 'Year': 2019}",,2069.03,1998.0,Maricar Zamora,  Lakas–CMD,Majority,,/wiki/Davao_de_Oro%27s_1st_congressional_district
88,Davao de Oro,Davao Region,"{'No.': 401451, 'Year': 2015}","{'No.': 274870, 'Year': 2022}",,2410.74,1998.0,Ruwel Peter S. Gonzaga,  PDP–Laban,Majority,,/wiki/Davao_de_Oro%27s_2nd_congressional_district
89,Davao del Norte,Davao Region,"{'No.': 504077, 'Year': 2015}","{'No.': 337583, 'Year': 2022}",,2395.64,1987.0,Pantaleon Alvarez,  Reporma,Minority,,/wiki/Davao_del_Norte%27s_1st_congressional_district
90,Davao del Norte,Davao Region,"{'No.': 512255, 'Year': 2015}","{'No.': 304306, 'Year': 2019}",,1031.33,1987.0,Alan R. Dujali,  HNP,Majority,,/wiki/Davao_del_Norte%27s_2nd_congressional_district
91,Davao del Sur,Davao Region,"{'No.': 680481, 'Year': 2020}","{'No.': 457073, 'Year': 2022}","{'Quantity': None, 'LGUs': None}",2163.98,1968.0,John Tracy Cagas,  Nacionalista,Majority,,/wiki/Davao_del_Sur%27s_at-large_congressional_district
92,Davao Occidental,Davao Region,"{'No.': 317159, 'Year': 2020}","{'No.': 192420, 'Year': 2022}",,,2013.0,Claude Bautista,  HNP,Majority,,/wiki/Davao_Occidental%27s_at-large_congressional_district
93,Davao Oriental,Davao Region,"{'No.': 219774, 'Year': 2015}","{'No.': 145291, 'Year': 2019}",,3209.91,1987.0,Nelson Dayanghirang,  Nacionalista,Majority,,/wiki/Davao_Oriental%27s_1st_congressional_district
94,Davao Oriental,Davao Region,"{'No.': 352532, 'Year': 2020}","{'No.': 241237, 'Year': 2022}",,2469.73,1987.0,Cheeno Miguel Almario,  PDP–Laban,Majority,,/wiki/Davao_Oriental%27s_2nd_congressional_district
95,Dinagat Islands,Caraga,"{'No.': 128117, 'Year': 2020}","{'No.': 81088, 'Year': 2022}","{'Quantity': None, 'LGUs': None}",1036.34,2006.0,Alan Ecleo,  Lakas–CMD,Majority,,/wiki/Dinagat_Islands%27s_at-large_congressional_district
96,Eastern Samar,Eastern Visayas,"{'No.': 477168, 'Year': 2020}","{'No.': 347616, 'Year': 2022}","{'Quantity': None, 'LGUs': None}",4660.47,1965.0,Maria Fe R. Abunda,  PDP–Laban,Majority,,/wiki/Eastern_Samar%27s_at-large_congressional_district
97,,"
At-large*
","{'No.': None, 'Year': None}","{'No.': None, 'Year': None}","{'Quantity': None, 'LGUs': None}",,,,,,,/wiki/General_Santos%27_at-large_congressional_district
98,Guimaras,Western Visayas,"{'No.': 187842, 'Year': 2020}","{'No.': 124076, 'Year': 2022}","{'Quantity': None, 'LGUs': None}",604.57,1991.0,Maria Lucille Nava,  PDP,Majority,,/wiki/Guimaras%27s_at-large_congressional_district
99,,,"{'No.': None, 'Year': None}","{'No.': None, 'Year': None}","{'Quantity': None, 'LGUs': None}",,,,,,,/wiki/Legislative_districts_of_Ifugao
100,,Northern Mindanao,"{'No.': 363115, 'Year': 2020}","{'No.': 185452, 'Year': 2022}",,813.37,1984.0,Celso G. Regencia,  PDP–Laban,Majority,,/wiki/Iligan%27s_at-large_congressional_district
101,Ilocos Norte,Ilocos Region,"{'No.': 305774, 'Year': 2015}","{'No.': 434114, 'Year': 2022}",,2047.42,1907.0,Sandro Marcos,  PFP,Majority,,/wiki/Ilocos_Norte%27s_1st_congressional_district
102,Ilocos Norte,Ilocos Region,"{'No.': 296004, 'Year': 2020}","{'No.': 206090, 'Year': 2022}",,1420.47,1907.0,Eugenio Angelo M. Barba,  Nacionalista,Majority,,/wiki/Ilocos_Norte%27s_2nd_congressional_district
103,Ilocos Sur,Ilocos Region,"{'No.': 407676, 'Year': 2020}","{'No.': 201188, 'Year': 2022}",,518.73,1907.0,Ronald Singson,  NPC,Majority,,/wiki/Ilocos_Sur%27s_1st_congressional_district
104,Ilocos Sur,Ilocos Region,"{'No.': 397388, 'Year': 2015}","{'No.': 239376, 'Year': 2016}",,2077.27,1907.0,Kristine Singson-Meehan,  NPC,Majority,,/wiki/Ilocos_Sur%27s_2nd_congressional_district
105,Iloilo,Western Visayas,"{'No.': 374726, 'Year': 2020}","{'No.': 228690, 'Year': 2022}",,840.27,1907.0,Janette Garin,  Lakas–CMD,Majority,,/wiki/Iloilo%27s_1st_congressional_district
106,Iloilo,Western Visayas,"{'No.': 313112, 'Year': 2015}","{'No.': 181669, 'Year': 2016}",,606.88,1907.0,Michael B. Gorriceta,  Nacionalista,Majority,,/wiki/Iloilo%27s_2nd_congressional_district
107,Iloilo,Western Visayas,"{'No.': 434212, 'Year': 2015}","{'No.': 229740, 'Year': 2016}",,1405.43,1907.0,Lorenz R. Defensor,  PDP–Laban,Majority,,/wiki/Iloilo%27s_3rd_congressional_district
108,Iloilo,Western Visayas,"{'No.': 378502, 'Year': 2015}","{'No.': 220814, 'Year': 2016}",,976.95,1907.0,Dr. Ferjenel Gonzales Biron,  Nacionalista,Majority,,/wiki/Iloilo%27s_4th_congressional_district
109,Iloilo,Western Visayas,"{'No.': 451116, 'Year': 2015}","{'No.': 254499, 'Year': 2016}",,1171.3,1907.0,Raul C. Tupas,  Nacionalista,Majority,,/wiki/Iloilo%27s_5th_congressional_district
110,,Western Visayas,"{'No.': 457626, 'Year': 2020}","{'No.': 330470, 'Year': 2022}","{'Quantity': None, 'LGUs': None}",78.34,1943.0,Julienne L. Baronda,  Lakas–CMD,Majority,,/wiki/Iloilo_City%27s_at-large_congressional_district
111,Isabela,Cagayan Valley,"{'No.': 399196, 'Year': 2020}","{'No.': 259291, 'Year': 2022}",,4519.71,1987.0,Antonio T. Albano,  Lakas–CMD,Majority,,/wiki/Isabela%27s_1st_congressional_district
112,Isabela,Cagayan Valley,"{'No.': 191058, 'Year': 2015}","{'No.': 119263, 'Year': 2019}",,2890.49,1987.0,Ed Christopher S. Go,  Nacionalista,Majority,,/wiki/Isabela%27s_2nd_congressional_district
113,Isabela,Cagayan Valley,"{'No.': 271190, 'Year': 2015}","{'No.': 168562, 'Year': 2019}",,686.27,1987.0,Ian Paul L. Dy,  NPC,Majority,,/wiki/Isabela%27s_3rd_congressional_district
114,Isabela,Cagayan Valley,"{'No.': 251307, 'Year': 2015}","{'No.': 181913, 'Year': 2019}",,1922.44,1987.0,Joseph S. Tan,  PFP,Majority,,/wiki/Isabela%27s_4th_congressional_district
115,Isabela,Cagayan Valley,"{'No.': 252616, 'Year': 2015}","{'No.': 167755, 'Year': 2019}",,981.43,2018.0,Faustino Michael Carlos T. Dy III,  PFP,Majority,,/wiki/Isabela%27s_5th_congressional_district
116,Isabela,Cagayan Valley,"{'No.': 253678, 'Year': 2015}","{'No.': 166616, 'Year': 2019}",,1414.59,2018.0,Faustino A. Dy V,  Lakas–CMD,Majority,,/wiki/Isabela%27s_6th_congressional_district
117,,,"{'No.': None, 'Year': None}","{'No.': None, 'Year': None}","{'Quantity': None, 'LGUs': None}",,,,,,,/wiki/Legislative_districts_of_Kalinga
118,La Union,Ilocos Region,"{'No.': 359719, 'Year': 2015}","{'No.': 208713, 'Year': 2016}",,706.562,1907.0,Francisco Paolo Ortega,  NPC,Majority,,/wiki/La_Union%27s_1st_congressional_district
119,La Union,Ilocos Region,"{'No.': 445823, 'Year': 2020}","{'No.': 295552, 'Year': 2022}",,791.14,1907.0,Dante S. Garcia,  Lakas–CMD,Majority,,/wiki/La_Union%27s_2nd_congressional_district
120,Laguna,Calabarzon,"{'No.': 326001, 'Year': 2020}","{'No.': 174499, 'Year': 2022}",,24.05,1907.0,Ann Matibag,  Lakas–CMD,Majority,,/wiki/Laguna%27s_1st_congressional_district
121,Laguna,Calabarzon,"{'No.': 537865, 'Year': 2020}","{'No.': 351176, 'Year': 2022}",,140.28,1907.0,Ruth Mariano-Hernandez,  Lakas–CMD,Majority,,/wiki/Laguna%27s_2nd_congressional_district
122,Laguna,Calabarzon,"{'No.': 590757, 'Year': 2020}","{'No.': 343966, 'Year': 2022}",,487.87,1987.0,Loreto S. Amante,  Lakas–CMD,Majority,"{'1987–present': ['Alaminos,', 'Calauan,', 'Liliw,', 'Nagcarlan,', 'Rizal,', 'San', 'Pablo,', 'Victoria']}",/wiki/Laguna%27s_3rd_congressional_district
123,Laguna,Calabarzon,"{'No.': 565650, 'Year': 2020}","{'No.': 397665, 'Year': 2022}",,1017.91,1987.0,Jam Agarao,  PFP,Majority,,/wiki/Laguna%27s_4th_congressional_district
124,Lanao del Norte,Northern Mindanao,"{'No.': None, 'Year': None}","{'No.': 180628, 'Year': 2022}",,1092.82,1987.0,Mohamad Khalid Dimaporo,  Lakas–CMD,Majority,,/wiki/Lanao_del_Norte%27s_1st_congressional_district
125,Lanao del Norte,Northern Mindanao,"{'No.': 401804, 'Year': 2020}","{'No.': 210936, 'Year': 2022}",,2253.75,1987.0,Sittie Aminah Dimaporo,  Lakas–CMD,Majority,,/wiki/Lanao_del_Norte%27s_2nd_congressional_district
126,Lanao del Sur,Bangsamoro,"{'No.': 686512, 'Year': 2020}","{'No.': 390056, 'Year': 2022}",,7402.11,1987.0,Ziaur-Rahman A. Adiong,  Lakas-CMD,Majority,,/wiki/Lanao_del_Sur%27s_1st_congressional_district
127,Lanao del Sur,Bangsamoro,"{'No.': 435850, 'Year': 2015}","{'No.': 238863, 'Year': 2019}",,6092.26,1987.0,Yasser A. Balindong,  Lakas–CMD,Majority,,/wiki/Lanao_del_Sur%27s_2nd_congressional_district
128,,Central Visayas,"{'No.': 497604, 'Year': 2020}","{'No.': 245395, 'Year': 2022}",,58.1,2009.0,Cindi Chan,  Lakas–CMD,Majority,,/wiki/Lapu-Lapu%27s_at-large_congressional_district
129,,Metro Manila,"{'No.': 606293, 'Year': 2020}","{'No.': 291074, 'Year': 2022}","{'Quantity': None, 'LGUs': None}",32.69,1997.0,Camille Villar,  Nacionalista,Majority,,/wiki/Las_Pi%C3%B1as%27s_at-large_congressional_district
130,Leyte,Eastern Visayas,"{'No.': 534120, 'Year': 2020}","{'No.': 328387, 'Year': 2022}",,988.74,1907.0,Martin Romualdez,  Lakas,Majority,,/wiki/Leyte%27s_1st_congressional_district
131,Leyte,Eastern Visayas,"{'No.': 417651, 'Year': 2020}","{'No.': 295383, 'Year': 2022}",,1476.72,1907.0,Lolita T. Javier,  Nacionalista,Majority,,/wiki/Leyte%27s_2nd_congressional_district
132,Leyte,Eastern Visayas,"{'No.': 179492, 'Year': 2020}","{'No.': 131736, 'Year': 2022}",,651.64,1907.0,Anna Victoria V. Tuazon,  NUP,Majority,,/wiki/Leyte%27s_3rd_congressional_district
133,Leyte,Eastern Visayas,"{'No.': 492035, 'Year': 2020}","{'No.': 325491, 'Year': 2022}",,1450.84,1907.0,Richard Gomez,  PFP,Majority,,/wiki/Leyte%27s_4th_congressional_district
134,Leyte,Eastern Visayas,"{'No.': 405430, 'Year': 2020}","{'No.': 269870, 'Year': 2022}",,1947.11,1930.0,Carl Cari,  Lakas,Majority,,/wiki/Leyte%27s_5th_congressional_district
135,Maguindanao del Norte,Bangsamoro,"{'No.': 926037, 'Year': 2020}","{'No.': 484349, 'Year': 2022}",,3988.82,2022.0,Sittie Shahara Mastura,  Lakas–CMD,Majority,,/wiki/Maguindanao_del_Norte%27s_at-large_congressional_district
136,Maguindanao del Sur,Bangsamoro,"{'No.': 741221, 'Year': 2020}","{'No.': 454622, 'Year': 2022}",,4728.9,2022.0,Mohamad P. Paglas,  Nacionalista,Majority,,/wiki/Maguindanao_del_Sur%27s_at-large_congressional_district
137,,Metro Manila,"{'No.': 254600, 'Year': 2020}","{'No.': 209859, 'Year': 2022}",,16.31,1995.0,Romulo Peña Jr.,  Liberal,Majority,"{'1998–present': ['Bangkal,', 'Bel-Air,', 'Carmona,', 'Dasmariñas,', 'Forbes', 'Park,', 'Kasilawan,', 'La', 'Paz,', 'Magallanes,', 'Olympia,', 'Palanan,', 'Pio', 'del', 'Pilar,', 'Poblacion,', 'San', 'Antonio,', 'San', 'Isidro,', 'San', 'Lorenzo,', 'Santa', 'Cruz,', 'Singkamas,', 'Tejeros,', 'Urdaneta,', 'Valenzuela']}",/wiki/Makati%27s_1st_congressional_district
138,,Metro Manila,"{'No.': 375016, 'Year': 2020}","{'No.': 248503, 'Year': 2022}",,15.65,1995.0,Luis Campos,  NPC,Majority,"{'1998–present': ['Cembo,', 'Comembo,', 'East', 'Rembo,', 'Guadalupe', 'Nuevo,', 'Guadalupe', 'Viejo,', 'Pembo,', 'Pinagkaisahan,', 'Pitogo,', 'Post', 'Proper', 'Northside,\xa0Post', 'Proper', 'Southside,', 'Rizal,', 'South', 'Cembo,', 'West', 'Rembo']}",/wiki/Makati%27s_2nd_congressional_district
139,,Metro Manila,"{'No.': 380522, 'Year': 2020}","{'No.': 258115, 'Year': 2022}",,15.71,2007.0,Josephine Lacson-Noel,  NPC,Majority,,/wiki/Malabon%27s_at-large_congressional_district
140,,Metro Manila,"{'No.': 425758, 'Year': 2020}","{'No.': 232492, 'Year': 2022}",,21.26,1994.0,Neptali M. Gonzales II,  NUP,Majority,,/wiki/Mandaluyong%27s_at-large_congressional_district
141,,"
At-large*
","{'No.': None, 'Year': None}","{'No.': None, 'Year': None}","{'Quantity': None, 'LGUs': None}",,,,,,,/wiki/Mandaue%27s_at-large_congressional_district
142,,Metro Manila,"{'No.': 441282, 'Year': 2020}","{'No.': 264362, 'Year': 2022}",,4.57,1907.0,Ernesto M. Dionisio Jr.,  Asenso Manileño  Lakas,Majority,,/wiki/Manila%27s_1st_congressional_district
143,,Metro Manila,"{'No.': 212938, 'Year': 2020}","{'No.': 152929, 'Year': 2022}",,4.08,1907.0,Rolando M. Valeriano,  NUP  Asenso Manileño,Majority,,/wiki/Manila%27s_2nd_congressional_district
144,,Metro Manila,"{'No.': 220029, 'Year': 2020}","{'No.': 164664, 'Year': 2022}",,6.24,1949.0,Joel R. Chua,  Aksyon Demokratiko  Asenso Manileño,Majority,,/wiki/Manila%27s_3rd_congressional_district
145,,Metro Manila,"{'No.': 388305, 'Year': 2020}","{'No.': 162767, 'Year': 2020}",,5.14,1949.0,Edward Michael V.P. Maceda,  NPC  Asenso Manileño,Majority,,/wiki/Manila%27s_4th_congressional_district
146,,Metro Manila,"{'No.': 395065, 'Year': 2020}","{'No.': 217787, 'Year': 2022}",,11.56,1987.0,William Irwin C. Tieng,  Asenso Manileño  Lakas,Majority,,/wiki/Manila%27s_5th_congressional_district
147,,Metro Manila,"{'No.': 300186, 'Year': 2020}","{'No.': 170533, 'Year': 2022}",,7.79,1987.0,Benny Abante,  NUP  Asenso Manileño,Majority,,/wiki/Manila%27s_6th_congressional_district
148,,Metro Manila,"{'No.': 174892, 'Year': 2020}","{'No.': 114298, 'Year': 2022}",,9.03,2006.0,Maan Teodoro,  UNA,Majority,,/wiki/Marikina%27s_1st_congressional_district
149,,Metro Manila,"{'No.': 281167, 'Year': 2020}","{'No.': 146451, 'Year': 2022}",,13.62,2006.0,Stella Quimbo,  Liberal,Majority,,/wiki/Marikina%27s_2nd_congressional_district
150,Marinduque,Mimaropa,"{'No.': 239207, 'Year': 2020}","{'No.': 161538, 'Year': 2022}","{'Quantity': None, 'LGUs': None}",952.58,,Lord Allan Jay Velasco,  NPC,Majority,,/wiki/Marinduque%27s_at-large_congressional_district
151,Masbate,Bicol Region,"{'No.': 177651, 'Year': 2020}","{'No.': 122539, 'Year': 2022}",,814.48,1987.0,Richard Kho,  Lakas-CMD,Majority,,/wiki/Masbate%27s_1st_congressional_district
152,Masbate,Bicol Region,"{'No.': 404366, 'Year': 2020}","{'No.': 252110, 'Year': 2022}",,2053.25,1987.0,Ara Kho,  Lakas–CMD,Majority,,/wiki/Masbate%27s_2nd_congressional_district
153,Masbate,Bicol Region,"{'No.': 326903, 'Year': 2020}","{'No.': 216086, 'Year': 2022}",,1284.05,1987.0,Wilton T. Kho,  Lakas–CMD,Majority,,/wiki/Masbate%27s_3rd_congressional_district
154,Misamis Occidental,Northern Mindanao,"{'No.': 276762, 'Year': 2020}","{'No.': 202347, 'Year': 2022}",,1000.76,1987.0,Jason P. Almonte,  PDP,Majority,,/wiki/Misamis_Occidental%27s_1st_congressional_district
155,Misamis Occidental,Northern Mindanao,"{'No.': 332238, 'Year': 2015}","{'No.': 215525, 'Year': 2019}",,1054.46,1987.0,Sancho Fernando F. Oaminal,  Nacionalista,Majority,,/wiki/Misamis_Occidental%27s_2nd_congressional_district
156,Misamis Oriental,Northern Mindanao,"{'No.': 376271, 'Year': 2015}","{'No.': 274450, 'Year': 2019}",,1481.17,1987.0,Christian Unabia,  Lakas–CMD,Majority,,/wiki/Misamis_Oriental%27s_1st_congressional_district
157,Misamis Oriental,Northern Mindanao,"{'No.': 512238, 'Year': 2015}","{'No.': 349580, 'Year': 2019}",,1650.35,1987.0,Yevgeny Vincente B. Emano,  Padayon Pilipino,Majority,,/wiki/Misamis_Oriental%27s_2nd_congressional_district
158,,,"{'No.': None, 'Year': None}","{'No.': None, 'Year': None}","{'Quantity': None, 'LGUs': None}",,,,,,,/wiki/Legislative_districts_of_Mountain_Province
159,,Metro Manila,"{'No.': 543445, 'Year': 2020}","{'No.': 311750, 'Year': 2022}","{'Quantity': None, 'LGUs': None}",39.75,1995.0,Jaime Fresnedi,  Liberal,Majority,,/wiki/Muntinlupa%27s_at-large_congressional_district
160,,Metro Manila,"{'No.': 247543, 'Year': 2020}","{'No.': 150693, 'Year': 2022}",,10.77,2007.0,Toby Tiangco,  Navoteño,Majority,,/wiki/Navotas%27s_at-large_congressional_district
161,Negros Occidental,Western Visayas,"{'No.': 381716, 'Year': 2020}","{'No.': 276286, 'Year': 2022}",,1436.59,1907.0,Gerardo Valmayor Jr.,  NPC,Majority,,/wiki/Negros_Occidental%27s_1st_congressional_district
162,Negros Occidental,Western Visayas,"{'No.': 362521, 'Year': 2020}","{'No.': 214284, 'Year': 2022}",,967.77,1907.0,Alfredo Marañon III,  NUP,Majority,,/wiki/Negros_Occidental%27s_2nd_congressional_district
163,Negros Occidental,Western Visayas,"{'No.': 482646, 'Year': 2020}","{'No.': 313671, 'Year': 2022}",,942.29,1907.0,Jose Francisco Benitez,  PFP,Majority,,/wiki/Negros_Occidental%27s_3rd_congressional_district
164,Negros Occidental,Western Visayas,"{'No.': 406666, 'Year': 2020}","{'No.': 241130, 'Year': 2022}",,750.86,1987.0,Juliet Marie Ferrer,  NUP,Majority,,/wiki/Negros_Occidental%27s_4th_congressional_district
165,Negros Occidental,Western Visayas,"{'No.': 464026, 'Year': 2020}","{'No.': 291349, 'Year': 2022}",,1220.0,1987.0,Dino Yulo,  Independent,Majority,,/wiki/Negros_Occidental%27s_5th_congressional_district
166,Negros Occidental,Western Visayas,"{'No.': 525597, 'Year': 2020}","{'No.': 307048, 'Year': 2022}",,2485.03,1987.0,Mercedes Alvarez,  NPC,Majority,,/wiki/Negros_Occidental%27s_6th_congressional_district
167,Negros Oriental,Central Visayas,"{'No.': 422208, 'Year': 2015}","{'No.': 239474, 'Year': 2016}",,1797.44,1907.0,Jocelyn Sy-Limkaichong,  Liberal,Minority,,/wiki/Negros_Oriental%27s_1st_congressional_district
168,Negros Oriental,Central Visayas,"{'No.': 508152, 'Year': 2015}","{'No.': 299092, 'Year': 2016}",,1480.26,1907.0,Chiquiting Sagarbarria,  NPC,Majority,,/wiki/Negros_Oriental%27s_2nd_congressional_district
169,Negros Oriental,Central Visayas,"{'No.': 451388, 'Year': 2020}","{'No.': 291224, 'Year': 2022}",,2107.83,1987.0,Vacant,,,,/wiki/Negros_Oriental%27s_3rd_congressional_district
170,Northern Samar,Eastern Visayas,"{'No.': 336265, 'Year': 2015}","{'No.': 241623, 'Year': 2019}",,1937.46,1987.0,Paul R. Daza,  National Unity Party,Minority,,/wiki/Northern_Samar%27s_1st_congressional_district
171,Northern Samar,Eastern Visayas,"{'No.': 296114, 'Year': 2015}","{'No.': 201201, 'Year': 2019}",,1755.47,1987.0,Harris Christopher M. Ongchuan,  NUP,Minority,,/wiki/Northern_Samar%27s_2nd_congressional_district
172,Nueva Ecija,Central Luzon,"{'No.': 598187, 'Year': 2020}","{'No.': 388005, 'Year': 2022}",,1027.38,1926.0,Mikaela Angela B. Suansing,  Lakas–CMD,Majority,,/wiki/Nueva_Ecija%27s_1st_congressional_district
173,Nueva Ecija,Central Luzon,"{'No.': 463670, 'Year': 2015}","{'No.': 277920, 'Year': 2016}",,1897.18,1926.0,Joseph Gilbert F. Violago,  NUP,Majority,,/wiki/Nueva_Ecija%27s_2nd_congressional_district
174,Nueva Ecija,Central Luzon,"{'No.': 589607, 'Year': 2015}","{'No.': 411583, 'Year': 2019}",,1384.55,1987.0,Rosanna Vergara,  PFP,Majority,,/wiki/Nueva_Ecija%27s_3rd_congressional_district
175,Nueva Ecija,Central Luzon,"{'No.': 582181, 'Year': 2020}","{'No.': 403655, 'Year': 2022}",,1351.76,1987.0,Emerson D. Pascual,  Lakas–CMD,Majority,,/wiki/Nueva_Ecija%27s_4th_congressional_district
176,Nueva Vizcaya,Cagayan Valley,"{'No.': 497432, 'Year': 2020}","{'No.': 296233, 'Year': 2022}","{'Quantity': None, 'LGUs': None}",4221.45,,Luisa Lloren Cuaresma,  Lakas–CMD,Majority,,/wiki/Nueva_Vizcaya%27s_at-large_congressional_district
177,Occidental Mindoro,Mimaropa,"{'No.': 525354, 'Year': 2020}","{'No.': 313427, 'Year': 2022}","{'Quantity': None, 'LGUs': None}",5865.71,1950.0,"Leody ""Odie"" Tarriela",  PFP,Majority,,/wiki/Occidental_Mindoro%27s_at-large_congressional_district
178,Oriental Mindoro,Mimaropa,"{'No.': 452908, 'Year': 2015}","{'No.': 282342, 'Year': 2019}",,2015.19,1987.0,Arnan C. Panaligan,  Lakas-CMD,Majority,,/wiki/Oriental_Mindoro%27s_1st_congressional_district
179,Oriental Mindoro,Mimaropa,"{'No.': 391151, 'Year': 2015}","{'No.': 231200, 'Year': 2019}",,2223.19,1987.0,Alfonso Umali Jr.,  Liberal,Majority,,/wiki/Oriental_Mindoro%27s_2nd_congressional_district
180,Palawan,Mimaropa,"{'No.': 462089, 'Year': 2020}","{'No.': 292031, 'Year': 2022}",,7725.9,1987.0,Vacant,,,,/wiki/Palawan%27s_1st_congressional_district
181,Palawan,Mimaropa,"{'No.': 438769, 'Year': 2020}","{'No.': 260323, 'Year': 2022}",,6116.5,1987.0,Jose Chavez Alvarez,  PDP,Majority,,/wiki/Palawan%27s_2nd_congressional_district
182,Palawan,Mimaropa,"{'No.': 345815, 'Year': 2020}","{'No.': 194033, 'Year': 2022}",,3188.35,2012.0,Vacant,,,,/wiki/Palawan%27s_3rd_congressional_district
183,Pampanga,Central Luzon,"{'No.': 880360, 'Year': 2020}","{'No.': 416188, 'Year': 2022}",,240.77,1907.0,Carmelo B. Lazatin II,  Lakas–CMD,Majority,,/wiki/Pampanga%27s_1st_congressional_district
184,Pampanga,Central Luzon,"{'No.': 514041, 'Year': 2020}","{'No.': 353548, 'Year': 2022}",,815.48,1907.0,Gloria Macapagal-Arroyo,  Lakas,Majority,,/wiki/Pampanga%27s_2nd_congressional_district
185,Pampanga,Central Luzon,"{'No.': 782547, 'Year': 2020}","{'No.': 439078, 'Year': 2022}",,431.17,1987.0,Aurelio Gonzales Jr.,  Lakas–CMD,Majority,,/wiki/Pampanga%27s_3rd_congressional_district
186,Pampanga,Central Luzon,"{'No.': 495311, 'Year': 2020}","{'No.': 371659, 'Year': 2022}",,575.05,1987.0,Anna York Bondoc,  Nacionalista,Majority,,/wiki/Pampanga%27s_4th_congressional_district
187,Pangasinan,Ilocos Region,"{'No.': 454365, 'Year': 2020}","{'No.': 294221, 'Year': 2022}",,1758.81,1907.0,Arthur F. Celeste,  Nacionalista,Majority,,/wiki/Pangasinan%27s_1st_congressional_district
188,Pangasinan,Ilocos Region,"{'No.': 474712, 'Year': 2015}","{'No.': 351684, 'Year': 2022}",,1080.26,1907.0,Mark Cojuangco,  NPC,Majority,,/wiki/Pangasinan%27s_2nd_congressional_district
189,Pangasinan,Ilocos Region,"{'No.': 708245, 'Year': 2020}","{'No.': 441956, 'Year': 2022}",,584.07,1907.0,Maria Rachel Arenas,  Lakas,Majority,,/wiki/Pangasinan%27s_3rd_congressional_district
190,Pangasinan,Ilocos Region,"{'No.': 470972, 'Year': 2015}","{'No.': 274646, 'Year': 2016}",,274.35,1907.0,Christopher de Venecia,  Lakas,Majority,,/wiki/Pangasinan%27s_4th_congressional_district
191,Pangasinan,Ilocos Region,"{'No.': 489129, 'Year': 2015}","{'No.': 283403, 'Year': 2016}",,585.67,1907.0,Ramon Guico Jr.,  Lakas,Majority,,/wiki/Pangasinan%27s_5th_congressional_district
192,Pangasinan,Ilocos Region,"{'No.': 464861, 'Year': 2020}","{'No.': 316097, 'Year': 2022}",,1175.09,1987.0,Marlyn Primicias-Agabas,  PFP,Majority,,/wiki/Pangasinan%27s_6th_congressional_district
193,,Metro Manila,"{'No.': 265839, 'Year': 2020}","{'No.': 142815, 'Year': 2022}",,17.06,2003.0,Edwin Olivarez,  Lakas,Majority,,/wiki/Para%C3%B1aque%27s_1st_congressional_district
194,,Metro Manila,"{'No.': 424153, 'Year': 2020}","{'No.': 203263, 'Year': 2022}",,27.99,2003.0,Gustavo Tambunting,  NUP,Majority,,/wiki/Para%C3%B1aque%27s_2nd_congressional_district
195,,Metro Manila,"{'No.': 440656, 'Year': 2020}","{'No.': 276579, 'Year': 2022}","{'Quantity': None, 'LGUs': None}",13.97,1984.0,Antonino Calixto,  Lakas,Majority,,/wiki/Pasay%27s_at-large_congressional_district
196,,Metro Manila,"{'No.': 803159, 'Year': 2020}","{'No.': 457370, 'Year': 2022}","{'Quantity': None, 'LGUs': None}",48.46,1987.0,Roman Romulo,  Independent,Majority,,/wiki/Pasig%27s_at-large_congressional_district
197,Quezon,Calabarzon,"{'No.': 573895, 'Year': 2020}","{'No.': 365650, 'Year': 2022}",,4178.81,1907.0,Wilfrido Mark M. Enverga,  NPC,Majority,,/wiki/Quezon%27s_1st_congressional_district
198,Quezon,Calabarzon,"{'No.': 753343, 'Year': 2020}","{'No.': 471129, 'Year': 2022}",,825.38,1907.0,David C. Suarez,  Lakas–CMD,Majority,,/wiki/Quezon%27s_2nd_congressional_district
199,,Region IV-A (Calabarzon),"{'No.': 446711, 'Year': 2020}","{'No.': 290045, 'Year': 2022}",,,1987.0,Reynante U. Arrogancia,,,,/wiki/Quezon%27s_3rd_congressional_district
200,Quezon,Calabarzon,"{'No.': 456568, 'Year': 2015}","{'No.': 273864, 'Year': 2019}",,2079.21,1987.0,Keith Micah Tan,  Nationalist People's Coalition,Majority,,/wiki/Quezon%27s_4th_congressional_district
201,,Metro Manila,"{'No.': 409162, 'Year': 2015}","{'No.': 264362, 'Year': 2022}",,19.59,1987.0,Arjo Atayde,  Nacionalista,Majority,,/wiki/Quezon_City%27s_1st_congressional_district
202,,Metro Manila,"{'No.': 738328, 'Year': 2020}","{'No.': 309300, 'Year': 2022}",,19.59,1987.0,Ralph Wendel Tulfo,  PFP,Majority,,/wiki/Quezon_City%27s_2nd_congressional_district
203,,Metro Manila,"{'No.': 319371, 'Year': 2020}","{'No.': 161366, 'Year': 2022}",,46.27,1987.0,Franz S. Pumaren,  NUP,Majority,,/wiki/Quezon_City%27s_3rd_congressional_district
204,,Metro Manila,"{'No.': 407402, 'Year': 2020}","{'No.': 210720, 'Year': 2022}",,23.42,1987.0,Marvin D.C. Rillo,  Lakas-CMD,Majority,,/wiki/Quezon_City%27s_4th_congressional_district
205,,Metro Manila,"{'No.': None, 'Year': None}","{'No.': 264130, 'Year': 2022}",,28.03,2012.0,Patrick Michael Vargas,  Lakas,Majority,"{'2013–present:\nBagbag,': ['Capri,', 'Fairview,', 'Greater', 'Lagro,', 'Gulod,', 'Kaligayahan,', 'Nagkaisang', 'Nayon,', 'North', 'Fairview,', 'Novaliches', 'Proper,', 'Pasong', 'Putik', 'Proper,', 'San', 'Agustin,', 'San', 'Bartolome,', 'Santa', 'Lucia,', 'Santa', 'Monica']}",/wiki/Quezon_City%27s_5th_congressional_district
206,,Metro Manila,"{'No.': 531592, 'Year': 2015}","{'No.': 234028, 'Year': 2022}",,21.97,2012.0,Marivic Co-Pilar,  NUP,Majority,,/wiki/Quezon_City%27s_6th_congressional_district
207,Quirino,Cagayan Valley,"{'No.': 188991, 'Year': 2015}","{'No.': 117635, 'Year': 2019}","{'Quantity': None, 'LGUs': None}",2323.47,1984.0,Midy N. Cua,  Lakas–CMD,Majority,,/wiki/Quirino%27s_at-large_congressional_district
208,Rizal,Calabarzon,"{'No.': 1207509, 'Year': 2020}","{'No.': 521954, 'Year': 2022}",,174.35,1907.0,Michael John R. Duavit,  NPC,Majority,,/wiki/Rizal%27s_1st_congressional_district
209,Rizal,Calabarzon,"{'No.': 517975, 'Year': 2020}","{'No.': 297030, 'Year': 2022}",,474.46,1907.0,Emigdio P. Tanjuatco III,  Liberal,,,/wiki/Rizal%27s_2nd_congressional_district
210,Rizal,Calabarzon,"{'No.': 273306, 'Year': 2020}","{'No.': 110276, 'Year': 2022}",,55.09,2021.0,"Jose Arturo S. Garcia, Jr.",  NPC,Majority,,/wiki/Rizal%27s_3rd_congressional_district
211,Rizal,Calabarzon,"{'No.': 443954, 'Year': 2020}","{'No.': 201452, 'Year': 2022}",,312.7,2021.0,Juan Fidel Felipe Nograles,  Lakas-CMD,Majority,,/wiki/Rizal%27s_4th_congressional_district
212,Romblon,Mimaropa,"{'No.': 308985, 'Year': 2020}","{'No.': 206119, 'Year': 2022}","{'Quantity': None, 'LGUs': None}",1533.45,,Eleandro Jesus F. Madrona,  Nacionalista,Majority,,/wiki/Romblon%27s_at-large_congressional_district
213,Samar,Eastern Visayas,"{'No.': 332320, 'Year': 2015}","{'No.': 213172, 'Year': 2016}",,2269.14,1907.0,Stephen James T. Tan,  Lakas–CMD,Minority,,/wiki/Samar%27s_1st_congressional_district
214,Samar,Eastern Visayas,"{'No.': 454953, 'Year': 2020}","{'No.': 336756, 'Year': 2022}",,3778.89,1907.0,Reynolds Michael Tan,  Lakas–CMD,Minority,,/wiki/Samar%27s_2nd_congressional_district
215,"Bulacan, Central Luzon","
At-large*
","{'No.': 651813, 'Year': 2020}","{'No.': 261740, 'Year': 2022}","{'Quantity': None, 'LGUs': None}",105.53,2003.0,Florida P. Robes,  PFP  Arangkada San Joseño,Majority,,/wiki/San_Jose_del_Monte%27s_at-large_congressional_district
216,,Metro Manila,"{'No.': 126347, 'Year': 2020}","{'No.': 109640, 'Year': 2022}",,5.95,1994.0,Bel Zamora,  PDP,Majority,,/wiki/San_Juan%27s_at-large_congressional_district
217,"Laguna, Calabarzon","
At-large*
","{'No.': 414812, 'Year': 2020}","{'No.': 222046, 'Year': 2022}",,54.84,2019.0,Danilo Fernandez,  NUP,Majority,,/wiki/Santa_Rosa%27s_at-large_congressional_district
218,Sarangani,Soccsksargen,"{'No.': 558946, 'Year': 2020}","{'No.': 362055, 'Year': 2022}","{'Quantity': None, 'LGUs': None}",3601.25,1992.0,Steve Solon,  PCM,Majority,,/wiki/Sarangani%27s_at-large_congressional_district
219,Siquijor,Central Visayas,"{'No.': 103395, 'Year': 2020}","{'No.': 78458, 'Year': 2022}","{'Quantity': None, 'LGUs': None}",337.49,1984.0,Zaldy Villa,  Lakas–CMD,Majority,,/wiki/Siquijor%27s_at-large_congressional_district
220,Sorsogon,Bicol Region,"{'No.': 420092, 'Year': 2015}","{'No.': 213458, 'Year': 2016}",,1103.732,1907.0,Maria Bernadette G. Escudero,  NPC,Majority,,/wiki/Sorsogon%27s_1st_congressional_district
221,Sorsogon,Bicol Region,"{'No.': 386696, 'Year': 2020}","{'No.': 263550, 'Year': 2022}",,1015.28,1907.0,Manuel L. Fortes Jr.,  NPC,Majority,,/wiki/Sorsogon%27s_2nd_congressional_district
222,South Cotabato,Soccsksargen,"{'No.': 287082, 'Year': 2020}","{'No.': 193558, 'Year': 2022}",,957.97,1987.0,Isidro Lumayag,  PFP,Majority,,/wiki/South_Cotabato%27s_1st_congressional_district
223,South Cotabato,Soccsksargen,"{'No.': 688394, 'Year': 2020}","{'No.': 421751, 'Year': 2022}",,2977.98,1987.0,Peter B. Miguel,  Lakas–CMD,Majority,,/wiki/South_Cotabato%27s_2nd_congressional_district
224,Southern Leyte,Eastern Visayas,"{'No.': 201421, 'Year': 2020}","{'No.': 133753, 'Year': 2022}",,603.91,2019.0,Luz Mercado,  NUP,Majority,,/wiki/Southern_Leyte%27s_1st_congressional_district
225,Southern Leyte,Eastern Visayas,"{'No.': 228152, 'Year': 2020}","{'No.': 159882, 'Year': 2022}",,1194.7,2019.0,Christopherson Yap,  Lakas-CMD,Majority,,/wiki/Southern_Leyte%27s_2nd_congressional_district
226,Sultan Kudarat,Soccsksargen,"{'No.': 427963, 'Year': 2020}","{'No.': 250786, 'Year': 2022}",,2327.08,2006.0,Rihan M. Sakaluran,  Lakas–CMD,Majority,,/wiki/Sultan_Kudarat%27s_1st_congressional_district
227,Sultan Kudarat,Soccsksargen,"{'No.': 408389, 'Year': 2015}","{'No.': 220540, 'Year': 2019}",,2971.26,2006.0,Horacio P. Suansing Jr.,  NUP,Majority,,/wiki/Sultan_Kudarat%27s_2nd_congressional_district
228,Sulu,Bangsamoro,"{'No.': 486063, 'Year': 2015}","{'No.': 246813, 'Year': 2022}",,1101.53,1987.0,Samier A. Tan,  PDP–Laban,Majority,,/wiki/Sulu%27s_1st_congressional_district
229,Sulu,Bangsamoro,"{'No.': 338668, 'Year': 2015}","{'No.': 186559, 'Year': 2022}",,989.17,1987.0,Abdulmunir Arbison Jr.,  Lakas–CMD,Majority,,/wiki/Sulu%27s_2nd_congressional_district
230,Surigao del Norte,Caraga,"{'No.': 116587, 'Year': 2015}","{'No.': 95798, 'Year': 2019}",,622.56,1987.0,Francisco Jose Matugas II,  PDP–Laban,Majority,,/wiki/Surigao_del_Norte%27s_1st_congressional_district
231,Surigao del Norte,Caraga,"{'No.': 368501, 'Year': 2015}","{'No.': 271507, 'Year': 2019}",,1350.37,1987.0,Ace Barbers,  Nacionalista,Majority,,/wiki/Surigao_del_Norte%27s_2nd_congressional_district
232,Surigao del Sur,Caraga,"{'No.': 337825, 'Year': 2015}","{'No.': 240674, 'Year': 2019}",,3410.64,1987.0,Romeo Momo,  Independent,Majority,,/wiki/Surigao_del_Sur%27s_1st_congressional_district
233,Surigao del Sur,Caraga,"{'No.': 254425, 'Year': 2015}","{'No.': 172919, 'Year': 2019}",,1522.06,1987.0,Johnny Pimentel,  PDP–Laban,Majority,,/wiki/Surigao_del_Sur%27s_2nd_congressional_district
234,,Metro Manila,"{'No.': 484906, 'Year': 2020}","{'No.': 227891, 'Year': 2019}",,20.61,2004.0,"Ricardo ""Ading"" S. Cruz Jr.",  Nacionalista,Majority,,/wiki/Taguig%E2%80%93Pateros%27s_1st_congressional_district
235,,Metro Manila,"{'No.': 467043, 'Year': 2020}","{'No.': 249644, 'Year': 2019}",,24.6,2004.0,Pammy Zamora,  Nacionalista,Majority,,/wiki/Taguig%E2%80%93Pateros%27s_2nd_congressional_district
236,Tarlac,Central Luzon,"{'No.': 439800, 'Year': 2020}","{'No.': 286133, 'Year': 2022}",,960.04,1907.0,Jaime Cojuangco,  NPC,Majority,,/wiki/Tarlac%27s_1st_congressional_district
237,Tarlac,Central Luzon,"{'No.': 529992, 'Year': 2015}","{'No.': 285045, 'Year': 2016}",,1107.87,1907.0,Christian Tell Yap,  NPC,Majority,,/wiki/Tarlac%27s_2nd_congressional_district
238,Tarlac,Central Luzon,"{'No.': 427873, 'Year': 2015}","{'No.': 249363, 'Year': 2019}",,985.69,1987.0,Noel N. Rivera,  NPC,Majority,,/wiki/Tarlac%27s_3rd_congressional_district
239,Tawi-Tawi,Bangsamoro,"{'No.': 440276, 'Year': 2020}","{'No.': 232845, 'Year': 2022}","{'Quantity': None, 'LGUs': None}",1087.4,1984.0,Dimszar M. Sali,  NUP,Majority,,/wiki/Tawi-Tawi%27s_at-large_congressional_district
240,,Metro Manila,"{'No.': 360894, 'Year': 2020}","{'No.': 199294, 'Year': 2022}",,25.82,1998.0,Vacant,,,,/wiki/Valenzuela%27s_1st_congressional_district
241,,Metro Manila,"{'No.': 354084, 'Year': 2020}","{'No.': 244317, 'Year': 2022}",,18.69,1998.0,Eric M. Martinez,  PDP,Majority,,/wiki/Valenzuela%27s_2nd_congressional_district
242,Zambales,Central Luzon,"{'No.': 436317, 'Year': 2015}","{'No.': 247575, 'Year': 2019}",,982.01,1987.0,Jefferson F. Khongun,  Nacionalista,Majority,,/wiki/Zambales%27s_1st_congressional_district
243,Zambales,Central Luzon,"{'No.': 432095, 'Year': 2020}","{'No.': 286690, 'Year': 2022}",,2848.82,1987.0,Doris E. Maniquiz,  SZP   Lakas–CMD,Majority,,/wiki/Zambales%27s_2nd_congressional_district
244,,Zamboanga Peninsula,"{'No.': 402594, 'Year': 2015}","{'No.': 240312, 'Year': 2019}",,211.21,2004.0,Khymer Adan T. Olaso,  Adelante Zamboanga Party,Majority,,/wiki/Zamboanga_City%27s_1st_congressional_district
245,,Zamboanga Peninsula,"{'No.': 459205, 'Year': 2015}","{'No.': 227223, 'Year': 2019}",,1203.49,2004.0,Manuel Jose Dalipe,  Lakas–CMD,Majority,,/wiki/Zamboanga_City%27s_2nd_congressional_district
246,Zamboanga del Norte,Zamboanga Peninsula,"{'No.': 231980, 'Year': 2020}","{'No.': 180551, 'Year': 2022}",,1536.29,1987.0,Roberto Uy Jr.,  Lakas-CMD,,,/wiki/Zamboanga_del_Norte%27s_1st_congressional_district
247,Zamboanga del Norte,Zamboanga Peninsula,"{'No.': 427956, 'Year': 2020}","{'No.': 265905, 'Year': 2019}",,2018.6,1987.0,Glona Labadlabad,  Lakas,Majority,,/wiki/Zamboanga_del_Norte%27s_2nd_congressional_district
248,Zamboanga del Norte,Zamboanga Peninsula,"{'No.': 387519, 'Year': 2020}","{'No.': 267007, 'Year': 2022}",,3746.11,1987.0,Ian Amatong,  Liberal,Majority,,/wiki/Zamboanga_del_Norte%27s_3rd_congressional_district
249,Zamboanga del Sur,Zamboanga Peninsula,"{'No.': 630154, 'Year': 2020}","{'No.': 415735, 'Year': 2022}",,2180.49,1987.0,Divina Grace Yu,  Lakas–CMD,Majority,,/wiki/Zamboanga_del_Sur%27s_1st_congressional_district
250,Zamboanga del Sur,Zamboanga Peninsula,"{'No.': 420514, 'Year': 2020}","{'No.': 277350, 'Year': 2022}",,2318.97,1987.0,Jeyzel Victoria Yu,  PDP–Laban,Majority,,/wiki/Zamboanga_del_Sur%27s_2nd_congressional_district
251,Zamboanga Sibugay,Zamboanga Peninsula,"{'No.': 307161, 'Year': 2020}","{'No.': 170321, 'Year': 2019}",,1393.27,2006.0,Wilter Palma,  Lakas–CMD,Majority,,/wiki/Zamboanga_Sibugay%27s_1st_congressional_district
252,Zamboanga Sibugay,Zamboanga Peninsula,"{'No.': 362679, 'Year': 2020}","{'No.': 230204, 'Year': 2019}",,2214.48,2006.0,Antonieta Eudela,  Lakas–CMD,Majority,,/wiki/Zamboanga_Sibugay%27s_2nd_congressional_district
