,Unnamed: 0,Region,Electorate (2019),Population (2020),Area (km2),Representative,Unnamed: 6,Party,Province,District No.,Article Link,District Key,Unnamed: 0,Province,Region,Population (2020),Electorate,Major Settlements,Area,Created,Extract Representative,Political Party,Congressional Bloc,Constituent LGUs History,Article Link,Ref. Id
0,0,CAR,177058,250985,4165.25,Menchie Bernos,,Lakas,Abra,at-large,/wiki/Abra%27s_at-large_congressional_district,Abra|at-large,0,Abra,Cordillera Administrative Region,"{'No.': 250985, 'Year': 2020}","{'No.': 182696, 'Year': 2022}","{'Quantity': None, 'LGUs': None}",4165.25,,Menchie Bernos,  Lakas–CMD,Majority,,/wiki/Abra%27s_at-large_congressional_district,d:Abra|at-large
1,1,XIII,238541,403150,1399.31,Jose Aquino II,,Lakas,Agusan del Norte,1,/wiki/Agusan_del_Norte%27s_1st_congressional_district,Agusan del Norte|1,1,Agusan del Norte,Caraga,"{'No.': 403150, 'Year': 2020}","{'No.': 246909, 'Year': 2022}",,1399.31,1987.0,Jose Aquino II,  Lakas–CMD,Majority,,/wiki/Agusan_del_Norte%27s_1st_congressional_district,d:Agusan del Norte|1
2,2,XIII,239118,357263,2147.55,Dale Corvera,,Lakas,Agusan del Norte,2,/wiki/Agusan_del_Norte%27s_2nd_congressional_district,Agusan del Norte|2,2,Agusan del Norte,Caraga,"{'No.': 357263, 'Year': 2020}","{'No.': 255207, 'Year': 2022}",,2147.55,1987.0,Dale Corvera,  Lakas–CMD,Majority,,/wiki/Agusan_del_Norte%27s_2nd_congressional_district,d:Agusan del Norte|2
3,3,XIII,201019,366004,4472.97,Alfel Bascug,,NUP,Agusan del Sur,1,/wiki/Agusan_del_Sur%27s_1st_congressional_district,Agusan del Sur|1,3,,Caraga,"{'No.': None, 'Year': None}","{'No.': None, 'Year': None}",,,,Alfel Bascug,  NUP,Majority,,/wiki/Agusan_del_Sur%27s_1st_congressional_district,d:Agusan del Sur|1
4,4,XIII,222211,373363,5516.55,Eddiebong Plaza,,NUP,Agusan del Sur,2,/wiki/Agusan_del_Sur%27s_2nd_congressional_district,Agusan del Sur|2,4,Agusan del Sur,Caraga,"{'No.': None, 'Year': None}","{'No.': None, 'Year': None}",,,,Eddiebong Plaza,  NUP,Majority,,/wiki/Agusan_del_Sur%27s_2nd_congressional_district,d:Agusan del Sur|2
5,5,VI,200459,313775,1033.75,Carlito Marquez,,NPC,Aklan,1,/wiki/Aklan%27s_1st_congressional_district,Aklan|1,5,Aklan,Western Visayas,"{'No.': 313775, 'Year': 2020}","{'No.': 209315, 'Year': 2022}",,,2018.0,Carlito Marquez,  NPC,Majority,"{'2019–present:': ['Altavas,', 'Balete,', 'Banga,', 'Batan,', 'Kalibo,', 'Libacao,', 'Madalag,', 'New', 'Washington']}",/wiki/Aklan%27s_1st_congressional_district,d:Aklan|1
6,6,VI,189901,301700,787.67,Teodorico Haresco Jr.,,Nacionalista,Aklan,2,/wiki/Aklan%27s_2nd_congressional_district,Aklan|2,6,Aklan,Western Visayas,"{'No.': 301700, 'Year': 2020}","{'No.': 200623, 'Year': 2022}",,,2018.0,Teodorico Haresco Jr.,  Nacionalista,Majority,"{'2019–present:': ['Buruanga,', 'Ibajay,', 'Lezo,', 'Makato,', 'Malay,', 'Malinao,', 'Nabas,', 'Numancia,', 'Tangalan']}",/wiki/Aklan%27s_2nd_congressional_district,d:Aklan|2
7,7,V,249910,395907,547.88,Edcel Lagman,,Liberal,Albay,1,/wiki/Albay%27s_1st_congressional_district,Albay|1,7,Albay,Bicol Region,"{'No.': 395907, 'Year': 2020}","{'No.': 265019, 'Year': 2022}",,547.88,1907.0,Edcel Lagman,  Liberal,Minority,,/wiki/Albay%27s_1st_congressional_district,d:Albay|1
8,8,V,281679,477781,665.94,Joey Salceda,,Lakas,Albay,2,/wiki/Albay%27s_2nd_congressional_district,Albay|2,8,Albay,Bicol Region,"{'No.': 477781, 'Year': 2020}","{'No.': 265019, 'Year': 2022}",,665.94,1907.0,Joey Salceda,  Lakas–CMD,Majority,,/wiki/Albay%27s_2nd_congressional_district,d:Albay|2
9,9,V,308911,501080,1361.95,Fernando Cabredo,,NUP,Albay,3,/wiki/Albay%27s_3rd_congressional_district,Albay|3,9,Albay,Bicol Region,"{'No.': 489114, 'Year': 2015}","{'No.': 268503, 'Year': 2016}",,1361.95,1907.0,Fernando Cabredo,  National Unity,Majority,,/wiki/Albay%27s_3rd_congressional_district,d:Albay|3
10,10,IV-A,224611,379568,35.15,Roberto Puno,,NUP,Antipolo,1,/wiki/Antipolo%27s_1st_congressional_district,Antipolo|1,10,"Rizal, Calabarzon","
At-large*
","{'No.': 379568, 'Year': 2020}","{'No.': 224611, 'Year': 2019}",,35.15,2003.0,Roberto Puno,  NUP,Majority,,/wiki/Antipolo%27s_1st_congressional_district,d:Antipolo|1
11,11,IV-A,257451,507831,258.57,Romeo Acop,,NUP,Antipolo,2,/wiki/Antipolo%27s_2nd_congressional_district,Antipolo|2,11,"Rizal, Calabarzon","
At-large*
","{'No.': 507831, 'Year': 2020}","{'No.': 256180, 'Year': 2022}",,258.57,2003.0,Romeo Acop,  NUP,Majority,,/wiki/Antipolo%27s_2nd_congressional_district,d:Antipolo|2
12,12,VI,371244,612974,2729.17,Antonio Legarda Jr.,,NPC,Antique,at-large,/wiki/Antique%27s_at-large_congressional_district,Antique|at-large,12,Antique,Western Visayas,"{'No.': 612974, 'Year': 2020}","{'No.': 387998, 'Year': 2022}","{'Quantity': None, 'LGUs': None}",2729.17,,Antonio Legarda Jr.,  NPC,Majority,,/wiki/Antique%27s_at-large_congressional_district,d:Antique|at-large
13,13,CAR,74743,124366,4413.35,Eleanor Bulut Begtang,,NPC,Apayao,at-large,/wiki/Apayao%27s_at-large_congressional_district,Apayao|at-large,13,Apayao,Cordillera Administrative Region,"{'No.': 124336, 'Year': 2020}","{'No.': 78454, 'Year': 2022}","{'Quantity': None, 'LGUs': None}",4413.35,1995.0,Eleonor Bulut Begtang,  NPC,Majority,,/wiki/Apayao%27s_at-large_congressional_district,d:Apayao|at-large
14,14,III,145617,235750,3147.32,Rommel T. Angara,,LDP,Aurora,at-large,/wiki/Aurora%27s_at-large_congressional_district,Aurora|at-large,14,Aurora,Central Luzon,"{'No.': 235750, 'Year': 2020}","{'No.': 154688, 'Year': 2022}","{'Quantity': None, 'LGUs': None}",3147.32,1984.0,Rommel T. Angara,  LDP,Majority,,/wiki/Aurora%27s_at-large_congressional_district,d:Aurora|at-large
15,15,VI,312816,600783,162.67,Greg Gasataya,,NPC,Bacolod,at-large,/wiki/Bacolod%27s_at-large_congressional_district,Bacolod|at-large,15,,Negros Island Region,"{'No.': 561875, 'Year': 2015}","{'No.': 312816, 'Year': 2019}","{'Quantity': None, 'LGUs': None}",162.67,1943.0,Greg G. Gasataya,  NPC,Majority,,/wiki/Bacolod%27s_at-large_congressional_district,d:Bacolod|at-large
16,16,CAR,164125,366358,57.51,Marquez Go,,Nacionalista,Baguio,at-large,/wiki/Baguio%27s_at-large_congressional_district,Baguio|at-large,16,"
At-large
1st*
2nd*
3rd*
",Cordillera Administrative Region,"{'No.': 345366, 'Year': 2015}","{'No.': 164125, 'Year': 2019}","{'Quantity': None, 'LGUs': None}",57.51,1992.0,Marquez Go,  Nacionalista,Majority,,/wiki/Baguio%27s_at-large_congressional_district,d:Baguio|at-large
17,17,BARMM,263017,556586,1327.23,Mujiv Hataman,,Basilan Unity Party,Basilan,at-large,/wiki/Basilan%27s_at-large_congressional_district,Basilan|at-large,17,Basilan,Zamboanga Peninsula (Isabela)Bangsamoro (Rest of Basilan),"{'No.': 459367, 'Year': 2015}","{'No.': 263017, 'Year': 2019}","{'Quantity': None, 'LGUs': None}",1327.23,1984.0,Mujiv Hataman,  BUP,Minority,,/wiki/Basilan%27s_at-large_congressional_district,d:Basilan|at-large
18,18,III,150127,229071,357.92,Geraldine Roman,,Lakas,Bataan,1,/wiki/Bataan%27s_1st_congressional_district,Bataan|1,18,Bataan,Central Luzon,"{'No.': 229071, 'Year': 2020}","{'No.': 156757, 'Year': 2022}",,357.92,1987.0,Geraldine Roman,  Lakas–CMD,Majority,,/wiki/Bataan%27s_1st_congressional_district,d:Bataan|1
19,19,III,194748,289455,318.24,Albert Garcia,,NUP,Bataan,2,/wiki/Bataan%27s_2nd_congressional_district,Bataan|2,19,Bataan,Central Luzon,"{'No.': 289455, 'Year': 2020}","{'No.': 197735, 'Year': 2022}",,318.24,1987.0,Albert Garcia,  NUP,Majority,,/wiki/Bataan%27s_2nd_congressional_district,d:Bataan|2
20,20,III,210632,334847,696.82,Maria Angela Garcia,,NUP,Bataan,3,/wiki/Bataan%27s_3rd_congressional_district,Bataan|3,20,Bataan,Central Luzon,"{'No.': 334847, 'Year': 2020}","{'No.': 211987, 'Year': 2022}",,696.82,2021.0,Ma. Angela Garcia,  NUP,Majority,,/wiki/Bataan%27s_3rd_congressional_district,d:Bataan|3
21,21,II,12204,18831,219.01,Ciriaco Gato Jr.,,NPC,Batanes,at-large,/wiki/Batanes%27s_at-large_congressional_district,Batanes|at-large,21,Batanes,Cagayan Valley,"{'No.': 18831, 'Year': 2020}","{'No.': 13820, 'Year': 2022}","{'Quantity': None, 'LGUs': None}",219.01,,Ciriaco B. Gato Jr.,  NPC,Majority,,/wiki/Batanes%27s_at-large_congressional_district,d:Batanes|at-large
22,22,IV-A,378526,635962,924.83,Eric Buhain,,Nacionalista,Batangas,1,/wiki/Batangas%27s_1st_congressional_district,Batangas|1,22,Batangas,Calabarzon,"{'No.': 635962, 'Year': 2020}","{'No.': 393786, 'Year': 2022}",,924.83,1907.0,Eric Buhain,  Nacionalista,Majority,,/wiki/Batangas%27s_1st_congressional_district,d:Batangas|1
23,23,IV-A,193151,306809,399.14,Gerville Luistro,,Lakas,Batangas,2,/wiki/Batangas%27s_2nd_congressional_district,Batangas|2,23,Batangas,Calabarzon,"{'No.': 306809, 'Year': 2020}","{'No.': 196497, 'Year': 2022}",,399.14,1907.0,Gerville Luistro,  Lakas,Majority,,/wiki/Batangas%27s_2nd_congressional_district,d:Batangas|2
24,24,IV-A,430588,768561,545.73,Maria Theresa Collantes,,NPC,Batangas,3,/wiki/Batangas%27s_3rd_congressional_district,Batangas|3,24,Batangas,Calabarzon,"{'No.': 768561, 'Year': 2020}","{'No.': 478027, 'Year': 2022}",,545.73,1907.0,Ma. Theresa V. Collantes,  NPC,Majority,,/wiki/Batangas%27s_3rd_congressional_district,d:Batangas|3
25,25,IV-A,291063,472794,757.69,Lianda Bolilia,,Nacionalista,Batangas,4,/wiki/Batangas%27s_4th_congressional_district,Batangas|4,25,Batangas,Calabarzon,"{'No.': 472794, 'Year': 2020}","{'No.': 307973, 'Year': 2022}",,757.69,1987.0,Lianda B. Bolilia,  Nacionalista,Majority,,/wiki/Batangas%27s_4th_congressional_district,d:Batangas|4
26,26,IV-A,223258,351437,282.96,Mario Vittorio Mariño,,Nacionalista,Batangas,5,/wiki/Batangas%27s_5th_congressional_district,Batangas|5,26,Batangas,Calabarzon,"{'No.': 351437, 'Year': 2020}","{'No.': 220199, 'Year': 2022}",,282.96,2015.0,Mario Vittorio A. Mariño,  Nacionalista,Majority,,/wiki/Batangas%27s_5th_congressional_district,d:Batangas|5
27,27,IV-A,200706,372931,209.4,Vacant,,,Batangas,6,/wiki/Batangas%27s_6th_congressional_district,Batangas|6,27,Batangas,Calabarzon,"{'No.': 372931, 'Year': 2020}","{'No.': 222589, 'Year': 2022}",,209.4,2015.0,Vacant,,,,/wiki/Batangas%27s_6th_congressional_district,d:Batangas|6
28,28,CAR,227033,460683,2769.08,Eric Yap,,United Benguet Party,Benguet,at-large,/wiki/Legislative_districts_of_Benguet,Benguet|at-large,28,,,"{'No.': None, 'Year': None}","{'No.': None, 'Year': None}","{'Quantity': None, 'LGUs': None}",,,,,,,/wiki/Legislative_districts_of_Benguet,d:Benguet|at-large
29,29,VIII,121755,179312,536.01,Gerardo Espina Jr.,,Lakas,Biliran,at-large,/wiki/Biliran%27s_at-large_congressional_district,Biliran|at-large,29,Biliran,Eastern Visayas,"{'No.': 179312, 'Year': 2020}","{'No.': 123232, 'Year': 2022}","{'Quantity': None, 'LGUs': None}",536.01,1991.0,Gerardo Espina Jr.,  Lakas–CMD,Majority,,/wiki/Biliran%27s_at-large_congressional_district,d:Biliran|at-large
30,30,IV-A,194174,407437,43.5,Marlyn Alonte-Naguiat,,Lakas,Biñan,at-large,/wiki/Bi%C3%B1an%27s_at-large_congressional_district,Biñan|at-large,30,Laguna,"
At-large*
","{'No.': 407437, 'Year': 2020}","{'No.': 223491, 'Year': 2022}",,43.5,2015.0,Marlyn Alonte-Naguiat,  Lakas–CMD,Majority,,/wiki/Bi%C3%B1an%27s_at-large_congressional_district,d:Biñan|at-large
31,31,VII,299640,470599,1002.68,Edgar Chatto,,NUP,Bohol,1,/wiki/Bohol%27s_1st_congressional_district,Bohol|1,31,Bohol,Central Visayas,"{'No.': 443038, 'Year': 2015}","{'No.': 268381, 'Year': 2016}",,1002.68,1907.0,Edgar Chatto,  NUP,Majority,,/wiki/Bohol%27s_1st_congressional_district,d:Bohol|1
32,32,VII,293141,471025,1640.57,Maria Vanessa Aumentado,,Lakas,Bohol,2,/wiki/Bohol%27s_2nd_congressional_district,Bohol|2,32,Bohol,Central Visayas,"{'No.': 439771, 'Year': 2015}","{'No.': 257827, 'Year': 2016}",,1640.57,1907.0,Vanessa Aumentado,  PRP,Majority,,/wiki/Bohol%27s_2nd_congressional_district,d:Bohol|2
33,33,VII,305901,452705,2187.54,Kristine Alexie Besas-Tutor,,Lakas,Bohol,3,/wiki/Bohol%27s_3rd_congressional_district,Bohol|3,33,Bohol,Central Visayas,"{'No.': 452705, 'Year': 2020}","{'No.': 320786, 'Year': 2022}",,2187.54,1907.0,Alexie Tutor,  Lakas–CMD,Majority,,/wiki/Bohol%27s_3rd_congressional_district,d:Bohol|3
34,34,X,192203,332575,2681.51,Jose Manuel Alba,,Bukidnon Paglaum,Bukidnon,1,/wiki/Bukidnon%27s_1st_congressional_district,Bukidnon|1,34,Bukidnon,Northern Mindanao,"{'No.': 302272, 'Year': 2015}","{'No.': 192203, 'Year': 2019}",,2681.51,1987.0,Jose Manuel F. Alba,  BPP,Majority,,/wiki/Bukidnon%27s_1st_congressional_district,d:Bukidnon|1
35,35,X,223518,409880,3297.07,Jonathan Keith Flores,,Lakas,Bukidnon,2,/wiki/Bukidnon%27s_2nd_congressional_district,Bukidnon|2,35,Bukidnon,Northern Mindanao,"{'No.': 374395, 'Year': 2015}","{'No.': 247814, 'Year': 2022}",,3297.07,1987.0,Jonathan Keith Flores,  Lakas–CMD,Majority,,/wiki/Bukidnon%27s_2nd_congressional_district,d:Bukidnon|2
36,36,X,285392,482016,3219.57,Jose Maria Zubiri Jr.,,Bukidnon Paglaum,Bukidnon,3,/wiki/Bukidnon%27s_3rd_congressional_district,Bukidnon|3,36,Bukidnon,Northern Mindanao,"{'No.': 482016, 'Year': 2020}","{'No.': 301841, 'Year': 2022}",,3219.57,1987.0,Jose Maria Zubiri Jr.,  BPP,Majority,,/wiki/Bukidnon%27s_3rd_congressional_district,d:Bukidnon|3
37,37,X,174521,316837,1300.44,Laarni Roque,,Nacionalista,Bukidnon,4,/wiki/Bukidnon%27s_4th_congressional_district,Bukidnon|4,37,Bukidnon,Northern Mindanao,"{'No.': 316837, 'Year': 2020}","{'No.': 189689, 'Year': 2022}",,1300.44,2012.0,Laarni Roque,  Nacionalista,Majority,,/wiki/Bukidnon%27s_4th_congressional_district,d:Bukidnon|4
38,38,III,413788,758872,385.73,Danny Domingo,,NUP,Bulacan,1,/wiki/Bulacan%27s_1st_congressional_district,Bulacan|1,38,Bulacan,Central Luzon,"{'No.': 758872, 'Year': 2020}","{'No.': 437780, 'Year': 2022}",,385.732,1907.0,Danilo A. Domingo,  NUP,Majority,,/wiki/Bulacan%27s_1st_congressional_district,d:Bulacan|1
39,39,III,224922,360101,147.48,Augustina Dominique Pancho,,NUP,Bulacan,2,/wiki/Bulacan%27s_2nd_congressional_district,Bulacan|2,39,Bulacan,Central Luzon,"{'No.': 360101, 'Year': 2020}","{'No.': 224922, 'Year': 2022}",,266.71,1907.0,Augustina Dominique C. Pancho,  NUP,Majority,,/wiki/Bulacan%27s_2nd_congressional_district,d:Bulacan|2
40,40,III,265734,419539,1445.5,Lorna Silverio,,NUP,Bulacan,3,/wiki/Bulacan%27s_3rd_congressional_district,Bulacan|3,40,Bulacan,Central Luzon,"{'No.': 419539, 'Year': 2020}","{'No.': 265734, 'Year': 2022}",,1829.27,1987.0,Lorna Silverio,  NUP,Majority,,/wiki/Bulacan%27s_3rd_congressional_district,d:Bulacan|3
41,41,III,265701,540104,117.94,Linabelle Villarica,,PFP,Bulacan,4,/wiki/Bulacan%27s_4th_congressional_district,Bulacan|4,41,Bulacan,Central Luzon,"{'No.': 540104, 'Year': 2020}","{'No.': 265701, 'Year': 2022}",,117.94,1987.0,Linabelle Villarica,  PFP,Majority,,/wiki/Bulacan%27s_4th_congressional_district,d:Bulacan|4
42,42,III,291581,486960,119.23,Ambrosio Cruz,,Lakas,Bulacan,5,/wiki/Bulacan%27s_5th_congressional_district,Bulacan|5,42,Bulacan,Central Luzon,"{'No.': 486960, 'Year': 2020}","{'No.': 291581, 'Year': 2022}",,119.23,2021.0,Ambrosio Cruz Jr.,  Lakas-CMD,Majority,,/wiki/Bulacan%27s_5th_congressional_district,d:Bulacan|5
43,43,III,251896,491501,462.28,Salvador Pleyto,,Lakas,Bulacan,6,/wiki/Bulacan%27s_6th_congressional_district,Bulacan|6,43,Bulacan,Central Luzon,"{'No.': 491501, 'Year': 2020}","{'No.': 260065, 'Year': 2022}",,453.44,2021.0,Salvador A. Pleyto,  Lakas-CMD,Majority,,/wiki/Bulacan%27s_6th_congressional_district,d:Bulacan|6
44,44,II,261650,459819,4221.45,Ramon Nolasco Jr.,,NPC,Cagayan,1,/wiki/Cagayan%27s_1st_congressional_district,Cagayan|1,44,Cagayan,Cagayan Valley,"{'No.': 459819, 'Year': 2020}","{'No.': 271961, 'Year': 2022}",,4221.45,1907.0,Ramon C. Nolasco Jr.,  NPC,Majority,,/wiki/Cagayan%27s_1st_congressional_district,d:Cagayan|1
45,45,II,199907,322634,2751.4,Aline Vargas Alfonso,,Lakas,Cagayan,2,/wiki/Cagayan%27s_2nd_congressional_district,Cagayan|2,45,Cagayan,Cagayan Valley,"{'No.': 307226, 'Year': 2015}","{'No.': 178050, 'Year': 2016}",,2751.4,1907.0,Baby Aline Vargas-Alfonso,  Lakas–CMD,Majority,,/wiki/Cagayan%27s_2nd_congressional_district,d:Cagayan|2
46,46,II,273443,486150,2322.9,Joseph Lara,,Lakas,Cagayan,3,/wiki/Cagayan%27s_3rd_congressional_district,Cagayan|3,46,Cagayan,Cagayan Valley,"{'No.': 457679, 'Year': 2015}","{'No.': 273443, 'Year': 2019}",,2322.9,1987.0,Joseph L. Lara,  PDP–Laban,Majority,,/wiki/Cagayan%27s_3rd_congressional_district,d:Cagayan|3
47,47,X,165144,383945,377.81,Lordan Suan,,Lakas,Cagayan de Oro,1,/wiki/Cagayan_de_Oro%27s_1st_congressional_district,Cagayan de Oro|1,47,,Northern Mindanao,"{'No.': 383945, 'Year': 2020}","{'No.': 177163, 'Year': 2022}",,377.81,2007.0,Lordan Suan,  Lakas–CMD  Padayon Pilipino,Majority,,/wiki/Cagayan_de_Oro%27s_1st_congressional_district,d:Cagayan de Oro|1
48,48,X,180214,344457,123.5,Rufus Rodriguez,,CDP,Cagayan de Oro,2,/wiki/Cagayan_de_Oro%27s_2nd_congressional_district,Cagayan de Oro|2,48,,Northern Mindanao,"{'No.': 342474, 'Year': 2015}","{'No.': 180214, 'Year': 2019}",,123.5,2007.0,Rufus Rodriguez,  CDP,Majority,,/wiki/Cagayan_de_Oro%27s_2nd_congressional_district,d:Cagayan de Oro|2
49,49,IV-A,310090,539671,149.5,Charisse Anne Hernandez,,PDP,Calamba,at-large,/wiki/Calamba%27s_at-large_congressional_district,Calamba|at-large,49,"Laguna, Calabarzon","
At-large*
","{'No.': 539671, 'Year': 2020}","{'No.': 332844, 'Year': 2022}",,149.5,2018.0,Charisse Anne Hernandez,  Lakas–CMD,Majority,,/wiki/Calamba%27s_at-large_congressional_district,d:Calamba|at-large
50,50,NCR,478335,952125,34.86,Oscar Malapitan,,Nacionalista,Caloocan,1,/wiki/Caloocan%27s_1st_congressional_district,Caloocan|1,50,,Metro Manila,"{'No.': 953125, 'Year': 2020}","{'No.': 342766, 'Year': 2022}",,34.86,1987.0,Oscar Malapitan,  Nacionalista Party,Majority,,/wiki/Caloocan%27s_1st_congressional_district,d:Caloocan|1
51,51,NCR,241112,381690,8.4,Mary Mitzi Cajayon-Uy,,Lakas,Caloocan,2,/wiki/Caloocan%27s_2nd_congressional_district,Caloocan|2,51,,Metro Manila,"{'No.': 381690, 'Year': 2020}","{'No.': 233294, 'Year': 2022}",,7.67,1987.0,Mary Mitzi Cajayon-Uy,  Lakas–CMD,Majority,"{'1987–present': ['Barangays', '5–76,', '86–131']}",/wiki/Caloocan%27s_2nd_congressional_district,d:Caloocan|2
52,52,NCR,124219,327769,12.54,Dean Asistio,,Lakas,Caloocan,3,/wiki/Caloocan%27s_3rd_congressional_district,Caloocan|3,52,,Metro Manila,"{'No.': 327769, 'Year': 2020}","{'No.': 124219, 'Year': 2022}",,11.53,2021.0,Dean Asistio,  Lakas–CMD,Majority,,/wiki/Caloocan%27s_3rd_congressional_district,d:Caloocan|3
53,53,V,174528,312910,1491.05,Josefina Tallado,,PDP,Camarines Norte,1,/wiki/Camarines_Norte%27s_1st_congressional_district,Camarines Norte|1,53,Camarines Norte,Bicol Region,"{'No.': None, 'Year': None}","{'No.': 192328, 'Year': 2022}",,,,Josefina Tallado,  PDP–Laban,Majority,,/wiki/Camarines_Norte%27s_1st_congressional_district,d:Camarines Norte|1
54,54,V,176986,316789,829.02,Rosemarie Panotes,,Lakas,Camarines Norte,2,/wiki/Camarines_Norte%27s_2nd_congressional_district,Camarines Norte|2,54,Camarines Norte,Bicol Region,"{'No.': 316789, 'Year': 2020}","{'No.': 192543, 'Year': 2022}",,,2009.0,Rosemarie C. Panotes,  Lakas–CMD,Majority,,/wiki/Camarines_Norte%27s_2nd_congressional_district,d:Camarines Norte|2
55,55,V,127363,207496,1097.88,Tsuyoshi Anthony Horibata,,PDP,Camarines Sur,1,/wiki/Camarines_Sur%27s_1st_congressional_district,Camarines Sur|1,55,Camarines Sur,Bicol Region,"{'No.': 207496, 'Year': 2020}","{'No.': 136519, 'Year': 2022}",,1097.88,1919.0,Tsuyoshi Anthony G. Horibata,  PDP,Majority,,/wiki/Camarines_Sur%27s_1st_congressional_district,d:Camarines Sur|1
56,56,V,205986,343942,819.21,Luis Raymund Villafuerte,,NUP,Camarines Sur,2,/wiki/Camarines_Sur%27s_2nd_congressional_district,Camarines Sur|2,56,Camarines Sur,Bicol Region,"{'No.': 343942, 'Year': 2020}","{'No.': 217470, 'Year': 2022}",,819.21,1919.0,Luis Raymund Villafuerte,  NUP,Majority,,/wiki/Camarines_Sur%27s_2nd_congressional_district,d:Camarines Sur|2
57,57,V,304431,554323,614.51,Gabriel Bordado,,Liberal,Camarines Sur,3,/wiki/Camarines_Sur%27s_3rd_congressional_district,Camarines Sur|3,57,Camarines Sur,Bicol Region,"{'No.': 554323, 'Year': 2020}","{'No.': 336042, 'Year': 2022}",,614.51,1987.0,Gabriel Bordado,  Liberal,Minority,"{'1987–2010': ['Caramoan,', 'Garchitorena,', 'Goa,', 'Lagonoy,', 'Presentacion,', 'Sagñay,', 'San', 'Jose,', 'Siruma,', 'Tigaon,', 'Tinambac'], '2010–present': ['Bombon,', 'Calabanga,', 'Camaligan,', 'Canaman,', 'Magarao,', 'Naga,', 'Ocampo,', 'Pili']}",/wiki/Camarines_Sur%27s_3rd_congressional_district,d:Camarines Sur|3
58,58,V,275070,462770,2010.75,Arnulf Bryan Fuentebella,,NPC,Camarines Sur,4,/wiki/Camarines_Sur%27s_4th_congressional_district,Camarines Sur|4,58,Camarines Sur,Bicol Region,"{'No.': 462770, 'Year': 2020}","{'No.': 300303, 'Year': 2022}",,2010.75,1987.0,Arnulf Bryan Fuentebella,  NPC,Majority,,/wiki/Camarines_Sur%27s_4th_congressional_district,d:Camarines Sur|4
59,59,V,286759,499713,954.68,Miguel Luis Villafuerte,,PDP,Camarines Sur,5,/wiki/Camarines_Sur%27s_5th_congressional_district,Camarines Sur|5,59,Camarines Sur,Bicol Region,"{'No.': 499713, 'Year': 2020}","{'No.': 317219, 'Year': 2022}",,954.68,2009.0,Miguel Luis R. Villafuerte,  PDP,Majority,,/wiki/Camarines_Sur%27s_5th_congressional_district,d:Camarines Sur|5
60,60,X,63756,92808,237.95,Jurdin Jesus Romualdo,,Lakas,Camiguin,at-large,/wiki/Camiguin%27s_at-large_congressional_district,Camiguin|at-large,60,Camiguin,Northern Mindanao,"{'No.': 92808, 'Year': 2020}","{'No.': 64090, 'Year': 2022}","{'Quantity': None, 'LGUs': None}",237.95,1966.0,Jurdin Jesus M. Romualdo,  Lakas–CMD,Majority,,/wiki/Camiguin%27s_at-large_congressional_district,d:Camiguin|at-large
61,61,VI,269589,440067,730.41,Emmanuel Billones,,Liberal,Capiz,1,/wiki/Capiz%27s_1st_congressional_district,Capiz|1,61,Capiz,Western Visayas,"{'No.': 413213, 'Year': 2015}","{'No.': 239712, 'Year': 2016}",,730.412,1907.0,Emmanuel A. Billones,  Liberal,Majority,,/wiki/Capiz%27s_1st_congressional_district,d:Capiz|1
62,62,VI,243740,364885,1864.23,Jane Castro,,Lakas,Capiz,2,/wiki/Capiz%27s_2nd_congressional_district,Capiz|2,62,Capiz,Western Visayas,"{'No.': 348171, 'Year': 2015}","{'No.': 217670, 'Year': 2016}",,1864.23,1907.0,Jane T. Castro,  Lakas,Majority,,/wiki/Capiz%27s_2nd_congressional_district,d:Capiz|2
63,63,V,196405,271879,1492.16,Eulogio Rodriguez,,Independent,Catanduanes,at-large,/wiki/Catanduanes%27s_at-large_congressional_district,Catanduanes|at-large,63,Catanduanes,Bicol Region,"{'No.': 271879, 'Year': 2020}","{'No.': 198872, 'Year': 2022}","{'Quantity': None, 'LGUs': None}",1492.16,,Leo Rodriguez,  Independent,Majority,,/wiki/Catanduanes%27s_at-large_congressional_district,d:Catanduanes|at-large
64,64,IV-A,235912,368468,88.34,Ramon Jolo Revilla III,,Lakas,Cavite,1,/wiki/Cavite%27s_1st_congressional_district,Cavite|1,64,Cavite,Calabarzon,"{'No.': 368468, 'Year': 2020}","{'No.': 260439, 'Year': 2022}",,88.34,1987.0,Jolo Revilla,  Lakas-CMD,Majority,,/wiki/Cavite%27s_1st_congressional_district,d:Cavite|1
65,65,IV-A,303084,664625,46.17,Lani Mercado,,Lakas,Cavite,2,/wiki/Cavite%27s_2nd_congressional_district,Cavite|2,65,Cavite,Calabarzon,"{'No.': 664625, 'Year': 2020}","{'No.': 294496, 'Year': 2022}",,46.17,1987.0,Lani Mercado,  Lakas–CMD,Majority,,/wiki/Cavite%27s_2nd_congressional_district,d:Cavite|2
66,66,IV-A,215939,496794,64.7,Adrian Jay Advincula,,NUP,Cavite,3,/wiki/Cavite%27s_3rd_congressional_district,Cavite|3,66,Cavite,Calabarzon,"{'No.': 496794, 'Year': 2020}","{'No.': 224081, 'Year': 2022}",,64.7,1987.0,Adrian Jay Advincula,  NUP,Majority,,/wiki/Cavite%27s_3rd_congressional_district,d:Cavite|3
67,67,IV-A,389108,703141,90.13,Vacant,,,Cavite,4,/wiki/Cavite%27s_4th_congressional_district,Cavite|4,67,Cavite,Calabarzon,"{'No.': 703141, 'Year': 2020}","{'No.': 400074, 'Year': 2022}",,90.13,2009.0,Vacant,,,"{'2010–2019:': ['Dasmariñas'], '2019–present:': ['Dasmariñas']}",/wiki/Cavite%27s_4th_congressional_district,d:Cavite|4
68,68,IV-A,280805,574333,251.75,Roy Loyola,,NPC,Cavite,5,/wiki/Cavite%27s_5th_congressional_district,Cavite|5,68,Cavite,Calabarzon,"{'No.': 574333, 'Year': 2020}","{'No.': 298625, 'Year': 2022}",,251.75,2009.0,Roy M. Loyola,  NPC,Majority,,/wiki/Cavite%27s_5th_congressional_district,d:Cavite|5
69,69,IV-A,169045,450583,81.46,Antonio Ferrer,,NUP,Cavite,6,/wiki/Cavite%27s_6th_congressional_district,Cavite|6,69,Cavite,Calabarzon,"{'No.': 450583, 'Year': 2020}","{'No.': 193284, 'Year': 2022}",,81.462,2009.0,Antonio Ferrer,  NUP,Majority,"{'2010–2019:': ['Amadeo,', 'General', 'Trias,', 'Tanza,', 'Trece', 'Martires']}",/wiki/Cavite%27s_6th_congressional_district,d:Cavite|6
70,70,IV-A,297214,633219,246.51,Crispin Diego Remulla,,NUP,Cavite,7,/wiki/Cavite%27s_7th_congressional_district,Cavite|7,70,Cavite,Calabarzon,"{'No.': 633219, 'Year': 2020}","{'No.': 365184, 'Year': 2022}",,245.61,2009.0,Crispin Diego Remulla,  NUP,,"{'2010–2019:': ['Alfonso,', 'General', 'Emilio', 'Aguinaldo,', 'Indang,', 'Magallanes,', 'Maragondon,', 'Mendez,', 'Naic,', 'Tagaytay,', 'Ternate'], '2019–present:': ['Amadeo,', 'Indang,', 'Tanza,', 'Trece', 'Martires']}",/wiki/Cavite%27s_7th_congressional_district,d:Cavite|7
71,71,IV-A,257792,453666,558.1,Aniela Tolentino,,NUP,Cavite,8,/wiki/Cavite%27s_8th_congressional_district,Cavite|8,71,Cavite,Calabarzon,"{'No.': 453666, 'Year': 2020}","{'No.': 284147, 'Year': 2022}",,558.1,2018.0,Aniela Bianca Tolentino,  NUP,Majority,"{'2019–present:': ['Alfonso,', 'General', 'Emilio', 'Aguinaldo,', 'Magallanes,', 'Maragondon,', 'Mendez,', 'Naic,', 'Tagaytay,', 'Ternate']}",/wiki/Cavite%27s_8th_congressional_district,d:Cavite|8
72,72,VII,431872,809335,527.06,Rhea Mhae Gullas,,Lakas,Cebu,1,/wiki/Cebu%27s_1st_congressional_district,Cebu|1,72,Cebu,Central Visayas,"{'No.': 809335, 'Year': 2020}","{'No.': 470692, 'Year': 2022}",,527.06,1907.0,Rhea Gullas,  Lakas–CMD,Majority,,/wiki/Cebu%27s_1st_congressional_district,d:Cebu|1
73,73,VII,161412,257658,740.67,Edsel Galeos,,Lakas,Cebu,2,/wiki/Cebu%27s_2nd_congressional_district,Cebu|2,73,Cebu,Central Visayas,"{'No.': 257658, 'Year': 2020}","{'No.': 175265, 'Year': 2022}",,740.672,1907.0,Edsel Galeos,  Lakas-CMD,Majority,,/wiki/Cebu%27s_2nd_congressional_district,d:Cebu|2
74,74,VII,369340,616326,1258.08,Pablo John Garcia,,NUP,Cebu,3,/wiki/Cebu%27s_3rd_congressional_district,Cebu|3,74,Cebu,Central Visayas,"{'No.': 541152, 'Year': 2015}","{'No.': 329076, 'Year': 2016}",,1258.08,1907.0,Pablo John Garcia,  NUP,Majority,,/wiki/Cebu%27s_3rd_congressional_district,d:Cebu|3
75,75,VII,323278,540814,740.41,Janice Salimbangon,,NUP,Cebu,4,/wiki/Cebu%27s_4th_congressional_district,Cebu|4,75,Cebu,Central Visayas,"{'No.': 484198, 'Year': 2015}","{'No.': 289179, 'Year': 2016}",,740.41,1907.0,Janice Z. Salimbangon,  NUP,Majority,,/wiki/Cebu%27s_4th_congressional_district,d:Cebu|4
76,76,VII,366162,643946,877.67,Vincent Franco Frasco,,NUP,Cebu,5,/wiki/Cebu%27s_5th_congressional_district,Cebu|5,76,Cebu,Central Visayas,"{'No.': 558548, 'Year': 2015}","{'No.': 397223, 'Year': 2022}",,877.67,1907.0,Vincent Franco D. Frasco,  NUP,Majority,,/wiki/Cebu%27s_5th_congressional_district,d:Cebu|5
77,77,VII,350166,218607,89.05,Daphne Lagon,,Lakas,Cebu,6,/wiki/Cebu%27s_6th_congressional_district,Cebu|6,77,Cebu,Central Visayas,"{'No.': 218607, 'Year': 2020}","{'No.': 140635, 'Year': 2022}",,89.05,1907.0,Daphne Lagon,  Lakas-CMD,Majority,,/wiki/Cebu%27s_6th_congressional_district,d:Cebu|6
78,78,VII,156665,238699,641.62,Peter John Calderon,,NPC,Cebu,7,/wiki/Cebu%27s_7th_congressional_district,Cebu|7,78,Cebu,Central Visayas,"{'No.': 214364, 'Year': 2015}","{'No.': 139790, 'Year': 2016}",,641.62,1907.0,Peter John Calderon,  NPC,Majority,,/wiki/Cebu%27s_7th_congressional_district,d:Cebu|7
79,79,VII,325577,406378,130.43,Rachel Marguerite del Mar,,NPC,Cebu City,1,/wiki/Cebu_City%27s_1st_congressional_district,Cebu City|1,79,,Central Visayas,"{'No.': 396099, 'Year': 2015}","{'No.': 325577, 'Year': 2019}",,,1987.0,Rachel del Mar,  NPC,Majority,,/wiki/Cebu_City%27s_1st_congressional_district,d:Cebu City|1
80,80,VII,384031,557791,142.14,Eduardo Rama Jr.,,Lakas,Cebu City,2,/wiki/Cebu_City%27s_2nd_congressional_district,Cebu City|2,80,,Central Visayas,"{'No.': 526512, 'Year': 2015}","{'No.': 384031, 'Year': 2019}",,,1987.0,Eduardo Rama Jr.,  Lakas,Majority,,/wiki/Cebu_City%27s_2nd_congressional_district,d:Cebu City|2
81,81,XII,269395,569265,2420.58,Joselito Sacdalan,,PDP,Cotabato,1,/wiki/Cotabato%27s_1st_congressional_district,Cotabato|1,81,Cotabato,Soccsksargen,"{'No.': 525690, 'Year': 2015}","{'No.': 269395, 'Year': 2019}",,2420.58,1987.0,Joselito S. Sacdalan,  PDP–Laban,Majority,,/wiki/Cotabato%27s_1st_congressional_district,d:Cotabato|1
82,82,XII,250013,432405,3321.37,Rudy Caoagdan,,Nacionalista,Cotabato,2,/wiki/Cotabato%27s_2nd_congressional_district,Cotabato|2,82,Cotabato,Soccsksargen,"{'No.': 394354, 'Year': 2015}","{'No.': 250013, 'Year': 2019}",,3321.37,1987.0,Rudy S. Caoagdan,  Nacionalista,Majority,,/wiki/Cotabato%27s_2nd_congressional_district,d:Cotabato|2
83,83,XII,253883,488948,3266.95,Maria Alana Samantha Santos,,Lakas,Cotabato,3,/wiki/Cotabato%27s_3rd_congressional_district,Cotabato|3,83,Cotabato,Soccsksargen,"{'No.': 459703, 'Year': 2015}","{'No.': 253883, 'Year': 2019}",,3266.95,2012.0,Samantha Santos,  Lakas-CMD,Majority,,/wiki/Cotabato%27s_3rd_congressional_district,d:Cotabato|3
84,84,XI,389332,618729,1010.77,Paolo Duterte,,HNP,Davao City,1,/wiki/Davao_City%27s_1st_congressional_district,Davao City|1,84,,Davao Region,"{'No.': 618729, 'Year': 2020}","{'No.': 355052, 'Year': 2022}",,97.47,1987.0,Paolo Duterte,  NUP  HNP  HTL,Majority,,/wiki/Davao_City%27s_1st_congressional_district,d:Davao City|1
85,85,XI,308189,634158,830.37,Vincent Garcia,,HNP,Davao City,2,/wiki/Davao_City%27s_2nd_congressional_district,Davao City|2,85,,Davao Region,"{'No.': 592250, 'Year': 2015}","{'No.': 354747, 'Year': 2022}",,830.37,1987.0,Vincent Garcia,  Lakas–CMD  HNP,Majority,,/wiki/Davao_City%27s_2nd_congressional_district,d:Davao City|2
86,86,XI,287083,524062,1298.97,Isidro Ungab,,HNP,Davao City,3,/wiki/Davao_City%27s_3rd_congressional_district,Davao City|3,86,,Davao Region,"{'No.': 448005, 'Year': 2015}","{'No.': 282739, 'Year': 2022}",,1298.97,1987.0,Isidro Ungab,  Lakas–CMD  HNP,Majority,,/wiki/Davao_City%27s_3rd_congressional_district,d:Davao City|3
87,87,XI,210940,346257,2069.03,Maricar Zamora,,Lakas,Davao de Oro,1,/wiki/Davao_de_Oro%27s_1st_congressional_district,Davao de Oro|1,87,Davao de Oro,Davao Region,"{'No.': 334656, 'Year': 2015}","{'No.': 210940, 'Year': 2019}",,2069.03,1998.0,Maricar Zamora,  Lakas–CMD,Majority,,/wiki/Davao_de_Oro%27s_1st_congressional_district,d:Davao de Oro|1
88,88,XI,252002,421290,2410.74,Ruwel Peter Gonzaga,,PDP,Davao de Oro,2,/wiki/Davao_de_Oro%27s_2nd_congressional_district,Davao de Oro|2,88,Davao de Oro,Davao Region,"{'No.': 401451, 'Year': 2015}","{'No.': 274870, 'Year': 2022}",,2410.74,1998.0,Ruwel Peter S. Gonzaga,  PDP–Laban,Majority,,/wiki/Davao_de_Oro%27s_2nd_congressional_district,d:Davao de Oro|2
89,89,XI,301337,552642,2395.64,Pantaleon Alvarez,,Reporma,Davao del Norte,1,/wiki/Davao_del_Norte%27s_1st_congressional_district,Davao del Norte|1,89,Davao del Norte,Davao Region,"{'No.': 504077, 'Year': 2015}","{'No.': 337583, 'Year': 2022}",,2395.64,1987.0,Pantaleon Alvarez,  Reporma,Minority,,/wiki/Davao_del_Norte%27s_1st_congressional_district,d:Davao del Norte|1
90,90,XI,304306,572415,1031.33,Alan Dujali,,HNP,Davao del Norte,2,/wiki/Davao_del_Norte%27s_2nd_congressional_district,Davao del Norte|2,90,Davao del Norte,Davao Region,"{'No.': 512255, 'Year': 2015}","{'No.': 304306, 'Year': 2019}",,1031.33,1987.0,Alan R. Dujali,  HNP,Majority,,/wiki/Davao_del_Norte%27s_2nd_congressional_district,d:Davao del Norte|2
91,91,XI,425586,680481,2163.98,John Tracy Cagas,,Nacionalista,Davao del Sur,at-large,/wiki/Davao_del_Sur%27s_at-large_congressional_district,Davao del Sur|at-large,91,Davao del Sur,Davao Region,"{'No.': 680481, 'Year': 2020}","{'No.': 457073, 'Year': 2022}","{'Quantity': None, 'LGUs': None}",2163.98,1968.0,John Tracy Cagas,  Nacionalista,Majority,,/wiki/Davao_del_Sur%27s_at-large_congressional_district,d:Davao del Sur|at-large
92,92,XI,182122,317159,2163.45,Claude Bautista,,Lakas,Davao Occidental,at-large,/wiki/Davao_Occidental%27s_at-large_congressional_district,Davao Occidental|at-large,92,Davao Occidental,Davao Region,"{'No.': 317159, 'Year': 2020}","{'No.': 192420, 'Year': 2022}",,,2013.0,Claude Bautista,  HNP,Majority,,/wiki/Davao_Occidental%27s_at-large_congressional_district,d:Davao Occidental|at-large
93,93,XI,145291,223811,3209.91,Nelson Dayanghirang,,Nacionalista,Davao Oriental,1,/wiki/Davao_Oriental%27s_1st_congressional_district,Davao Oriental|1,93,Davao Oriental,Davao Region,"{'No.': 219774, 'Year': 2015}","{'No.': 145291, 'Year': 2019}",,3209.91,1987.0,Nelson Dayanghirang,  Nacionalista,Majority,,/wiki/Davao_Oriental%27s_1st_congressional_district,d:Davao Oriental|1
94,94,XI,220205,352532,2469.73,Cheeno Almario,,Lakas,Davao Oriental,2,/wiki/Davao_Oriental%27s_2nd_congressional_district,Davao Oriental|2,94,Davao Oriental,Davao Region,"{'No.': 352532, 'Year': 2020}","{'No.': 241237, 'Year': 2022}",,2469.73,1987.0,Cheeno Miguel Almario,  PDP–Laban,Majority,,/wiki/Davao_Oriental%27s_2nd_congressional_district,d:Davao Oriental|2
95,95,XIII,78795,128117,1036.34,Alan Uno Ecleo,,Lakas,Dinagat Islands,at-large,/wiki/Dinagat_Islands%27s_at-large_congressional_district,Dinagat Islands|at-large,95,Dinagat Islands,Caraga,"{'No.': 128117, 'Year': 2020}","{'No.': 81088, 'Year': 2022}","{'Quantity': None, 'LGUs': None}",1036.34,2006.0,Alan Ecleo,  Lakas–CMD,Majority,,/wiki/Dinagat_Islands%27s_at-large_congressional_district,d:Dinagat Islands|at-large
96,96,VIII,338718,477168,4660.47,Maria Fe Abunda,,PDP,Eastern Samar,at-large,/wiki/Eastern_Samar%27s_at-large_congressional_district,Eastern Samar|at-large,96,Eastern Samar,Eastern Visayas,"{'No.': 477168, 'Year': 2020}","{'No.': 347616, 'Year': 2022}","{'Quantity': None, 'LGUs': None}",4660.47,1965.0,Maria Fe R. Abunda,  PDP–Laban,Majority,,/wiki/Eastern_Samar%27s_at-large_congressional_district,d:Eastern Samar|at-large
97,97,XII,301106,697315,492.86,Ton Acharon,,NPC,General Santos,at-large,/wiki/General_Santos%27_at-large_congressional_district,General Santos|at-large,97,,"
At-large*
","{'No.': None, 'Year': None}","{'No.': None, 'Year': None}","{'Quantity': None, 'LGUs': None}",,,,,,,/wiki/General_Santos%27_at-large_congressional_district,d:General Santos|at-large
98,98,VI,119538,187842,604.57,Ma. Lucille Nava,,PDP,Guimaras,at-large,/wiki/Guimaras%27s_at-large_congressional_district,Guimaras|at-large,98,Guimaras,Western Visayas,"{'No.': 187842, 'Year': 2020}","{'No.': 124076, 'Year': 2022}","{'Quantity': None, 'LGUs': None}",604.57,1991.0,Maria Lucille Nava,  PDP,Majority,,/wiki/Guimaras%27s_at-large_congressional_district,d:Guimaras|at-large
99,99,CAR,124289,207498,2628.21,Solomon Chungalao,,NPC,Ifugao,at-large,/wiki/Legislative_districts_of_Ifugao,Ifugao|at-large,99,,,"{'No.': None, 'Year': None}","{'No.': None, 'Year': None}","{'Quantity': None, 'LGUs': None}",,,,,,,/wiki/Legislative_districts_of_Ifugao,d:Ifugao|at-large
100,100,X,184058,363115,813.37,Celso Regencia,,PDP,Iligan,at-large,/wiki/Iligan%27s_at-large_congressional_district,Iligan|at-large,100,,Northern Mindanao,"{'No.': 363115, 'Year': 2020}","{'No.': 185452, 'Year': 2022}",,813.37,1984.0,Celso G. Regencia,  PDP–Laban,Majority,,/wiki/Iligan%27s_at-large_congressional_district,d:Iligan|at-large
101,101,I,218493,313584,2047.42,Sandro Marcos,,PFP,Ilocos Norte,1,/wiki/Ilocos_Norte%27s_1st_congressional_district,Ilocos Norte|1,101,Ilocos Norte,Ilocos Region,"{'No.': 305774, 'Year': 2015}","{'No.': 434114, 'Year': 2022}",,2047.42,1907.0,Sandro Marcos,  PFP,Majority,,/wiki/Ilocos_Norte%27s_1st_congressional_district,d:Ilocos Norte|1
102,102,I,197740,296004,1420.47,Eugenio Angelo Barba,,Nacionalista,Ilocos Norte,2,/wiki/Ilocos_Norte%27s_2nd_congressional_district,Ilocos Norte|2,102,Ilocos Norte,Ilocos Region,"{'No.': 296004, 'Year': 2020}","{'No.': 206090, 'Year': 2022}",,1420.47,1907.0,Eugenio Angelo M. Barba,  Nacionalista,Majority,,/wiki/Ilocos_Norte%27s_2nd_congressional_district,d:Ilocos Norte|2
103,103,I,190952,298333,518.73,Ronald Singson,,NPC,Ilocos Sur,1,/wiki/Ilocos_Sur%27s_1st_congressional_district,Ilocos Sur|1,103,Ilocos Sur,Ilocos Region,"{'No.': 407676, 'Year': 2020}","{'No.': 201188, 'Year': 2022}",,518.73,1907.0,Ronald Singson,  NPC,Majority,,/wiki/Ilocos_Sur%27s_1st_congressional_district,d:Ilocos Sur|1
104,104,I,266818,407676,2077.27,Kristine Singson-Meehan,,NPC,Ilocos Sur,2,/wiki/Ilocos_Sur%27s_2nd_congressional_district,Ilocos Sur|2,104,Ilocos Sur,Ilocos Region,"{'No.': 397388, 'Year': 2015}","{'No.': 239376, 'Year': 2016}",,2077.27,1907.0,Kristine Singson-Meehan,  NPC,Majority,,/wiki/Ilocos_Sur%27s_2nd_congressional_district,d:Ilocos Sur|2
105,105,VI,220068,374726,840.27,Janette Garin,,Lakas,Iloilo,1,/wiki/Iloilo%27s_1st_congressional_district,Iloilo|1,105,Iloilo,Western Visayas,"{'No.': 374726, 'Year': 2020}","{'No.': 228690, 'Year': 2022}",,840.27,1907.0,Janette Garin,  Lakas–CMD,Majority,,/wiki/Iloilo%27s_1st_congressional_district,d:Iloilo|1
106,106,VI,204119,346189,606.88,Michael Gorriceta,,Nacionalista,Iloilo,2,/wiki/Iloilo%27s_2nd_congressional_district,Iloilo|2,106,Iloilo,Western Visayas,"{'No.': 313112, 'Year': 2015}","{'No.': 181669, 'Year': 2016}",,606.88,1907.0,Michael B. Gorriceta,  Nacionalista,Majority,,/wiki/Iloilo%27s_2nd_congressional_district,d:Iloilo|2
107,107,VI,260489,456006,1405.43,Lorenz Defensor,,NUP,Iloilo,3,/wiki/Iloilo%27s_3rd_congressional_district,Iloilo|3,107,Iloilo,Western Visayas,"{'No.': 434212, 'Year': 2015}","{'No.': 229740, 'Year': 2016}",,1405.43,1907.0,Lorenz R. Defensor,  PDP–Laban,Majority,,/wiki/Iloilo%27s_3rd_congressional_district,d:Iloilo|3
108,108,VI,250384,402317,976.95,Ferjenel Biron,,Nacionalista,Iloilo,4,/wiki/Iloilo%27s_4th_congressional_district,Iloilo|4,108,Iloilo,Western Visayas,"{'No.': 378502, 'Year': 2015}","{'No.': 220814, 'Year': 2016}",,976.95,1907.0,Dr. Ferjenel Gonzales Biron,  Nacionalista,Majority,,/wiki/Iloilo%27s_4th_congressional_district,d:Iloilo|4
109,109,VI,295332,472661,1171.3,Raul Tupas,,Nacionalista,Iloilo,5,/wiki/Iloilo%27s_5th_congressional_district,Iloilo|5,109,Iloilo,Western Visayas,"{'No.': 451116, 'Year': 2015}","{'No.': 254499, 'Year': 2016}",,1171.3,1907.0,Raul C. Tupas,  Nacionalista,Majority,,/wiki/Iloilo%27s_5th_congressional_district,d:Iloilo|5
110,110,VI,294776,457626,78.34,Julienne Baronda,,Lakas,Iloilo City,at-large,/wiki/Iloilo_City%27s_at-large_congressional_district,Iloilo City|at-large,110,,Western Visayas,"{'No.': 457626, 'Year': 2020}","{'No.': 330470, 'Year': 2022}","{'Quantity': None, 'LGUs': None}",78.34,1943.0,Julienne L. Baronda,  Lakas–CMD,Majority,,/wiki/Iloilo_City%27s_at-large_congressional_district,d:Iloilo City|at-large
111,111,II,246572,399196,4519.71,Antonio Albano,,Lakas,Isabela,1,/wiki/Isabela%27s_1st_congressional_district,Isabela|1,111,Isabela,Cagayan Valley,"{'No.': 399196, 'Year': 2020}","{'No.': 259291, 'Year': 2022}",,4519.71,1987.0,Antonio T. Albano,  Lakas–CMD,Majority,,/wiki/Isabela%27s_1st_congressional_district,d:Isabela|1
112,112,II,119263,199903,2890.49,Ed Christopher Go,,Nacionalista,Isabela,2,/wiki/Isabela%27s_2nd_congressional_district,Isabela|2,112,Isabela,Cagayan Valley,"{'No.': 191058, 'Year': 2015}","{'No.': 119263, 'Year': 2019}",,2890.49,1987.0,Ed Christopher S. Go,  Nacionalista,Majority,,/wiki/Isabela%27s_2nd_congressional_district,d:Isabela|2
113,113,II,168562,282027,686.27,Ian Paul Dy,,Lakas,Isabela,3,/wiki/Isabela%27s_3rd_congressional_district,Isabela|3,113,Isabela,Cagayan Valley,"{'No.': 271190, 'Year': 2015}","{'No.': 168562, 'Year': 2019}",,686.27,1987.0,Ian Paul L. Dy,  NPC,Majority,,/wiki/Isabela%27s_3rd_congressional_district,d:Isabela|3
114,114,II,181913,268602,1922.44,Joseph Tan,,Lakas,Isabela,4,/wiki/Isabela%27s_4th_congressional_district,Isabela|4,114,Isabela,Cagayan Valley,"{'No.': 251307, 'Year': 2015}","{'No.': 181913, 'Year': 2019}",,1922.44,1987.0,Joseph S. Tan,  PFP,Majority,,/wiki/Isabela%27s_4th_congressional_district,d:Isabela|4
115,115,II,167755,267550,981.43,Faustino Michael Carlos Dy III,,Lakas,Isabela,5,/wiki/Isabela%27s_5th_congressional_district,Isabela|5,115,Isabela,Cagayan Valley,"{'No.': 252616, 'Year': 2015}","{'No.': 167755, 'Year': 2019}",,981.43,2018.0,Faustino Michael Carlos T. Dy III,  PFP,Majority,,/wiki/Isabela%27s_5th_congressional_district,d:Isabela|5
116,116,II,166616,279772,1414.59,Faustino Dy V,,Lakas,Isabela,6,/wiki/Isabela%27s_6th_congressional_district,Isabela|6,116,Isabela,Cagayan Valley,"{'No.': 253678, 'Year': 2015}","{'No.': 166616, 'Year': 2019}",,1414.59,2018.0,Faustino A. Dy V,  Lakas–CMD,Majority,,/wiki/Isabela%27s_6th_congressional_district,d:Isabela|6
117,117,CAR,137658,229570,3231.25,Allen Jesse Mangaoang,,Nacionalista,Kalinga,at-large,/wiki/Legislative_districts_of_Kalinga,Kalinga|at-large,117,,,"{'No.': None, 'Year': None}","{'No.': None, 'Year': None}","{'Quantity': None, 'LGUs': None}",,,,,,,/wiki/Legislative_districts_of_Kalinga,d:Kalinga|at-large
118,118,I,233923,376529,706.56,Paolo Ortega,,NPC,La Union,1,/wiki/La_Union%27s_1st_congressional_district,La Union|1,118,La Union,Ilocos Region,"{'No.': 359719, 'Year': 2015}","{'No.': 208713, 'Year': 2016}",,706.562,1907.0,Francisco Paolo Ortega,  NPC,Majority,,/wiki/La_Union%27s_1st_congressional_district,d:La Union|1
119,119,I,276786,445823,791.14,Dante Garcia,,Lakas,La Union,2,/wiki/La_Union%27s_2nd_congressional_district,La Union|2,119,La Union,Ilocos Region,"{'No.': 445823, 'Year': 2020}","{'No.': 295552, 'Year': 2022}",,791.14,1907.0,Dante S. Garcia,  Lakas–CMD,Majority,,/wiki/La_Union%27s_2nd_congressional_district,d:La Union|2
120,120,IV-A,399962,326001,24.05,Ann Matibag,,Lakas,Laguna,1,/wiki/Laguna%27s_1st_congressional_district,Laguna|1,120,Laguna,Calabarzon,"{'No.': 326001, 'Year': 2020}","{'No.': 174499, 'Year': 2022}",,24.05,1907.0,Ann Matibag,  Lakas–CMD,Majority,,/wiki/Laguna%27s_1st_congressional_district,d:Laguna|1
121,121,IV-A,314028,537865,140.28,Ruth Mariano-Hernandez,,Lakas,Laguna,2,/wiki/Laguna%27s_2nd_congressional_district,Laguna|2,121,Laguna,Calabarzon,"{'No.': 537865, 'Year': 2020}","{'No.': 351176, 'Year': 2022}",,140.28,1907.0,Ruth Mariano-Hernandez,  Lakas–CMD,Majority,,/wiki/Laguna%27s_2nd_congressional_district,d:Laguna|2
122,122,IV-A,319696,590757,487.87,Amben Amante,,Lakas,Laguna,3,/wiki/Laguna%27s_3rd_congressional_district,Laguna|3,122,Laguna,Calabarzon,"{'No.': 590757, 'Year': 2020}","{'No.': 343966, 'Year': 2022}",,487.87,1987.0,Loreto S. Amante,  Lakas–CMD,Majority,"{'1987–present': ['Alaminos,', 'Calauan,', 'Liliw,', 'Nagcarlan,', 'Rizal,', 'San', 'Pablo,', 'Victoria']}",/wiki/Laguna%27s_3rd_congressional_district,d:Laguna|3
123,123,IV-A,365157,565650,1017.91,Jam Agarao,,PFP,Laguna,4,/wiki/Laguna%27s_4th_congressional_district,Laguna|4,123,Laguna,Calabarzon,"{'No.': 565650, 'Year': 2020}","{'No.': 397665, 'Year': 2022}",,1017.91,1987.0,Jam Agarao,  PFP,Majority,,/wiki/Laguna%27s_4th_congressional_district,d:Laguna|4
124,124,X,167566,321098,1092.82,Mohamad Khalid Dimaporo,,Lakas,Lanao del Norte,1,/wiki/Lanao_del_Norte%27s_1st_congressional_district,Lanao del Norte|1,124,Lanao del Norte,Northern Mindanao,"{'No.': None, 'Year': None}","{'No.': 180628, 'Year': 2022}",,1092.82,1987.0,Mohamad Khalid Dimaporo,  Lakas–CMD,Majority,,/wiki/Lanao_del_Norte%27s_1st_congressional_district,d:Lanao del Norte|1
125,125,X,186553,401804,2253.75,Aminah Dimaporo,,Lakas,Lanao del Norte,2,/wiki/Lanao_del_Norte%27s_2nd_congressional_district,Lanao del Norte|2,125,Lanao del Norte,Northern Mindanao,"{'No.': 401804, 'Year': 2020}","{'No.': 210936, 'Year': 2022}",,2253.75,1987.0,Sittie Aminah Dimaporo,  Lakas–CMD,Majority,,/wiki/Lanao_del_Norte%27s_2nd_congressional_district,d:Lanao del Norte|2
126,126,BARMM,317928,686512,7402.11,Zia Adiong,,Lakas,Lanao del Sur,1,/wiki/Lanao_del_Sur%27s_1st_congressional_district,Lanao del Sur|1,126,Lanao del Sur,Bangsamoro,"{'No.': 686512, 'Year': 2020}","{'No.': 390056, 'Year': 2022}",,7402.11,1987.0,Ziaur-Rahman A. Adiong,  Lakas-CMD,Majority,,/wiki/Lanao_del_Sur%27s_1st_congressional_district,d:Lanao del Sur|1
127,127,BARMM,238863,509006,6092.26,Yasser Balindong,,Lakas,Lanao del Sur,2,/wiki/Lanao_del_Sur%27s_2nd_congressional_district,Lanao del Sur|2,127,Lanao del Sur,Bangsamoro,"{'No.': 435850, 'Year': 2015}","{'No.': 238863, 'Year': 2019}",,6092.26,1987.0,Yasser A. Balindong,  Lakas–CMD,Majority,,/wiki/Lanao_del_Sur%27s_2nd_congressional_district,d:Lanao del Sur|2
128,128,VII,214117,497604,58.1,Ma. Cynthia Chan,,Lakas,Lapu-Lapu,at-large,/wiki/Lapu-Lapu%27s_at-large_congressional_district,Lapu-Lapu|at-large,128,,Central Visayas,"{'No.': 497604, 'Year': 2020}","{'No.': 245395, 'Year': 2022}",,58.1,2009.0,Cindi Chan,  Lakas–CMD,Majority,,/wiki/Lapu-Lapu%27s_at-large_congressional_district,d:Lapu-Lapu|at-large
129,129,NCR,328384,606293,32.69,Camille Villar,,Nacionalista,Las Piñas,at-large,/wiki/Las_Pi%C3%B1as%27s_at-large_congressional_district,Las Piñas|at-large,129,,Metro Manila,"{'No.': 606293, 'Year': 2020}","{'No.': 291074, 'Year': 2022}","{'Quantity': None, 'LGUs': None}",32.69,1997.0,Camille Villar,  Nacionalista,Majority,,/wiki/Las_Pi%C3%B1as%27s_at-large_congressional_district,d:Las Piñas|at-large
130,130,VIII,318057,534120,988.74,Martin Romualdez,,Lakas,Leyte,1,/wiki/Leyte%27s_1st_congressional_district,Leyte|1,130,Leyte,Eastern Visayas,"{'No.': 534120, 'Year': 2020}","{'No.': 328387, 'Year': 2022}",,988.74,1907.0,Martin Romualdez,  Lakas,Majority,,/wiki/Leyte%27s_1st_congressional_district,d:Leyte|1
131,131,VIII,279400,417651,1476.72,Lolita Javier,,Nacionalista,Leyte,2,/wiki/Leyte%27s_2nd_congressional_district,Leyte|2,131,Leyte,Eastern Visayas,"{'No.': 417651, 'Year': 2020}","{'No.': 295383, 'Year': 2022}",,1476.72,1907.0,Lolita T. Javier,  Nacionalista,Majority,,/wiki/Leyte%27s_2nd_congressional_district,d:Leyte|2
132,132,VIII,127704,179492,651.64,Anna Veloso Tuazon,,NUP,Leyte,3,/wiki/Leyte%27s_3rd_congressional_district,Leyte|3,132,Leyte,Eastern Visayas,"{'No.': 179492, 'Year': 2020}","{'No.': 131736, 'Year': 2022}",,651.64,1907.0,Anna Victoria V. Tuazon,  NUP,Majority,,/wiki/Leyte%27s_3rd_congressional_district,d:Leyte|3
133,133,VIII,309550,492035,1450.84,Richard Gomez,,PFP,Leyte,4,/wiki/Leyte%27s_4th_congressional_district,Leyte|4,133,Leyte,Eastern Visayas,"{'No.': 492035, 'Year': 2020}","{'No.': 325491, 'Year': 2022}",,1450.84,1907.0,Richard Gomez,  PFP,Majority,,/wiki/Leyte%27s_4th_congressional_district,d:Leyte|4
134,134,VIII,258171,405430,1947.11,Carl Cari,,Lakas,Leyte,5,/wiki/Leyte%27s_5th_congressional_district,Leyte|5,134,Leyte,Eastern Visayas,"{'No.': 405430, 'Year': 2020}","{'No.': 269870, 'Year': 2022}",,1947.11,1930.0,Carl Cari,  Lakas,Majority,,/wiki/Leyte%27s_5th_congressional_district,d:Leyte|5
135,135,BARMM,418672,926037,3988.82,Bai Dimple Mastura,,Lakas,Maguindanao del Norte,at-large,/wiki/Maguindanao_del_Norte%27s_at-large_congressional_district,Maguindanao del Norte|at-large,135,Maguindanao del Norte,Bangsamoro,"{'No.': 926037, 'Year': 2020}","{'No.': 484349, 'Year': 2022}",,3988.82,2022.0,Sittie Shahara Mastura,  Lakas–CMD,Majority,,/wiki/Maguindanao_del_Norte%27s_at-large_congressional_district,d:Maguindanao del Norte|at-large
136,136,BARMM,347825,741221,4728.9,Mohamad Tong Paglas,,Nacionalista,Maguindanao del Sur,at-large,/wiki/Maguindanao_del_Sur%27s_at-large_congressional_district,Maguindanao del Sur|at-large,136,Maguindanao del Sur,Bangsamoro,"{'No.': 741221, 'Year': 2020}","{'No.': 454622, 'Year': 2022}",,4728.9,2022.0,Mohamad P. Paglas,  Nacionalista,Majority,,/wiki/Maguindanao_del_Sur%27s_at-large_congressional_district,d:Maguindanao del Sur|at-large
137,137,NCR,211303,254600,16.31,Romulo Peña Jr.,,Liberal,Makati,1,/wiki/Makati%27s_1st_congressional_district,Makati|1,137,,Metro Manila,"{'No.': 254600, 'Year': 2020}","{'No.': 209859, 'Year': 2022}",,16.31,1995.0,Romulo Peña Jr.,  Liberal,Majority,"{'1998–present': ['Bangkal,', 'Bel-Air,', 'Carmona,', 'Dasmariñas,', 'Forbes', 'Park,', 'Kasilawan,', 'La', 'Paz,', 'Magallanes,', 'Olympia,', 'Palanan,', 'Pio', 'del', 'Pilar,', 'Poblacion,', 'San', 'Antonio,', 'San', 'Isidro,', 'San', 'Lorenzo,', 'Santa', 'Cruz,', 'Singkamas,', 'Tejeros,', 'Urdaneta,', 'Valenzuela']}",/wiki/Makati%27s_1st_congressional_district,d:Makati|1
138,138,NCR,241121,375016,15.65,Luis Campos Jr.,,NPC,Makati,2,/wiki/Makati%27s_2nd_congressional_district,Makati|2,138,,Metro Manila,"{'No.': 375016, 'Year': 2020}","{'No.': 248503, 'Year': 2022}",,15.65,1995.0,Luis Campos,  NPC,Majority,"{'1998–present': ['Cembo,', 'Comembo,', 'East', 'Rembo,', 'Guadalupe', 'Nuevo,', 'Guadalupe', 'Viejo,', 'Pembo,', 'Pinagkaisahan,', 'Pitogo,', 'Post', 'Proper', 'Northside,\xa0Post', 'Proper', 'Southside,', 'Rizal,', 'South', 'Cembo,', 'West', 'Rembo']}",/wiki/Makati%27s_2nd_congressional_district,d:Makati|2
139,139,NCR,222350,380522,15.71,Josephine Veronique Lacson-Noel,,NPC,Malabon,at-large,/wiki/Malabon%27s_at-large_congressional_district,Malabon|at-large,139,,Metro Manila,"{'No.': 380522, 'Year': 2020}","{'No.': 258115, 'Year': 2022}",,15.71,2007.0,Josephine Lacson-Noel,  NPC,Majority,,/wiki/Malabon%27s_at-large_congressional_district,d:Malabon|at-large
140,140,NCR,229470,425758,21.26,Neptali Gonzales II,,NUP,Mandaluyong,at-large,/wiki/Mandaluyong%27s_at-large_congressional_district,Mandaluyong|at-large,140,,Metro Manila,"{'No.': 425758, 'Year': 2020}","{'No.': 232492, 'Year': 2022}",,21.26,1994.0,Neptali M. Gonzales II,  NUP,Majority,,/wiki/Mandaluyong%27s_at-large_congressional_district,d:Mandaluyong|at-large
141,141,VII,226091,364116,34.87,Emmarie Ouano-Dizon,,Lakas,Mandaue,at-large,/wiki/Mandaue%27s_at-large_congressional_district,Mandaue|at-large,141,,"
At-large*
","{'No.': None, 'Year': None}","{'No.': None, 'Year': None}","{'Quantity': None, 'LGUs': None}",,,,,,,/wiki/Mandaue%27s_at-large_congressional_district,d:Mandaue|at-large
142,142,NCR,238437,441282,4.57,Ernix Dionisio,,Lakas,Manila,1,/wiki/Manila%27s_1st_congressional_district,Manila|1,142,,Metro Manila,"{'No.': 441282, 'Year': 2020}","{'No.': 264362, 'Year': 2022}",,4.57,1907.0,Ernesto M. Dionisio Jr.,  Asenso Manileño  Lakas,Majority,,/wiki/Manila%27s_1st_congressional_district,d:Manila|1
143,143,NCR,139169,212938,4.08,Rolando Valeriano,,NUP,Manila,2,/wiki/Manila%27s_2nd_congressional_district,Manila|2,143,,Metro Manila,"{'No.': 212938, 'Year': 2020}","{'No.': 152929, 'Year': 2022}",,4.08,1907.0,Rolando M. Valeriano,  NUP  Asenso Manileño,Majority,,/wiki/Manila%27s_2nd_congressional_district,d:Manila|2
144,144,NCR,159496,220029,6.24,Joel Chua,,Aksyon Demokratiko,Manila,3,/wiki/Manila%27s_3rd_congressional_district,Manila|3,144,,Metro Manila,"{'No.': 220029, 'Year': 2020}","{'No.': 164664, 'Year': 2022}",,6.24,1949.0,Joel R. Chua,  Aksyon Demokratiko  Asenso Manileño,Majority,,/wiki/Manila%27s_3rd_congressional_district,d:Manila|3
145,145,NCR,162427,277013,5.14,Edward Maceda,,NPC,Manila,4,/wiki/Manila%27s_4th_congressional_district,Manila|4,145,,Metro Manila,"{'No.': 388305, 'Year': 2020}","{'No.': 162767, 'Year': 2020}",,5.14,1949.0,Edward Michael V.P. Maceda,  NPC  Asenso Manileño,Majority,,/wiki/Manila%27s_4th_congressional_district,d:Manila|4
146,146,NCR,209481,395065,11.56,Irwin Tieng,,Lakas,Manila,5,/wiki/Manila%27s_5th_congressional_district,Manila|5,146,,Metro Manila,"{'No.': 395065, 'Year': 2020}","{'No.': 217787, 'Year': 2022}",,11.56,1987.0,William Irwin C. Tieng,  Asenso Manileño  Lakas,Majority,,/wiki/Manila%27s_5th_congressional_district,d:Manila|5
147,147,NCR,156139,300186,7.79,Benny Abante,,NUP,Manila,6,/wiki/Manila%27s_6th_congressional_district,Manila|6,147,,Metro Manila,"{'No.': 300186, 'Year': 2020}","{'No.': 170533, 'Year': 2022}",,7.79,1987.0,Benny Abante,  NUP  Asenso Manileño,Majority,,/wiki/Manila%27s_6th_congressional_district,d:Manila|6
148,148,NCR,106706,174892,9.03,Maan Teodoro,,UNA,Marikina,1,/wiki/Marikina%27s_1st_congressional_district,Marikina|1,148,,Metro Manila,"{'No.': 174892, 'Year': 2020}","{'No.': 114298, 'Year': 2022}",,9.03,2006.0,Maan Teodoro,  UNA,Majority,,/wiki/Marikina%27s_1st_congressional_district,d:Marikina|1
149,149,NCR,139395,281167,13.62,Stella Quimbo,,Liberal,Marikina,2,/wiki/Marikina%27s_2nd_congressional_district,Marikina|2,149,,Metro Manila,"{'No.': 281167, 'Year': 2020}","{'No.': 146451, 'Year': 2022}",,13.62,2006.0,Stella Quimbo,  Liberal,Majority,,/wiki/Marikina%27s_2nd_congressional_district,d:Marikina|2
150,150,IV-B,152570,239207,952.58,Lord Allan Jay Velasco,,NPC,Marinduque,at-large,/wiki/Marinduque%27s_at-large_congressional_district,Marinduque|at-large,150,Marinduque,Mimaropa,"{'No.': 239207, 'Year': 2020}","{'No.': 161538, 'Year': 2022}","{'Quantity': None, 'LGUs': None}",952.58,,Lord Allan Jay Velasco,  NPC,Majority,,/wiki/Marinduque%27s_at-large_congressional_district,d:Marinduque|at-large
151,151,V,116767,177651,814.48,Richard Kho,,Lakas,Masbate,1,/wiki/Masbate%27s_1st_congressional_district,Masbate|1,151,Masbate,Bicol Region,"{'No.': 177651, 'Year': 2020}","{'No.': 122539, 'Year': 2022}",,814.48,1987.0,Richard Kho,  Lakas-CMD,Majority,,/wiki/Masbate%27s_1st_congressional_district,d:Masbate|1
152,152,V,239021,404366,2053.25,Ara Kho,,Lakas,Masbate,2,/wiki/Masbate%27s_2nd_congressional_district,Masbate|2,152,Masbate,Bicol Region,"{'No.': 404366, 'Year': 2020}","{'No.': 252110, 'Year': 2022}",,2053.25,1987.0,Ara Kho,  Lakas–CMD,Majority,,/wiki/Masbate%27s_2nd_congressional_district,d:Masbate|2
153,153,V,210791,326903,1284.05,Wilton Kho,,Lakas,Masbate,3,/wiki/Masbate%27s_3rd_congressional_district,Masbate|3,153,Masbate,Bicol Region,"{'No.': 326903, 'Year': 2020}","{'No.': 216086, 'Year': 2022}",,1284.05,1987.0,Wilton T. Kho,  Lakas–CMD,Majority,,/wiki/Masbate%27s_3rd_congressional_district,d:Masbate|3
154,154,X,193312,276762,1000.76,Jason Almonte,,PDP,Misamis Occidental,1,/wiki/Misamis_Occidental%27s_1st_congressional_district,Misamis Occidental|1,154,Misamis Occidental,Northern Mindanao,"{'No.': 276762, 'Year': 2020}","{'No.': 202347, 'Year': 2022}",,1000.76,1987.0,Jason P. Almonte,  PDP,Majority,,/wiki/Misamis_Occidental%27s_1st_congressional_district,d:Misamis Occidental|1
155,155,X,215525,340571,1054.46,Ando Oaminal,,Nacionalista,Misamis Occidental,2,/wiki/Misamis_Occidental%27s_2nd_congressional_district,Misamis Occidental|2,155,Misamis Occidental,Northern Mindanao,"{'No.': 332238, 'Year': 2015}","{'No.': 215525, 'Year': 2019}",,1054.46,1987.0,Sancho Fernando F. Oaminal,  Nacionalista,Majority,,/wiki/Misamis_Occidental%27s_2nd_congressional_district,d:Misamis Occidental|2
156,156,X,274450,405763,1481.17,Christian Unabia,,Lakas,Misamis Oriental,1,/wiki/Misamis_Oriental%27s_1st_congressional_district,Misamis Oriental|1,156,Misamis Oriental,Northern Mindanao,"{'No.': 376271, 'Year': 2015}","{'No.': 274450, 'Year': 2019}",,1481.17,1987.0,Christian Unabia,  Lakas–CMD,Majority,,/wiki/Misamis_Oriental%27s_1st_congressional_district,d:Misamis Oriental|1
157,157,X,349580,551137,1650.35,Yevgeny Vincente Emano,,Padayon Pilipino,Misamis Oriental,2,/wiki/Misamis_Oriental%27s_2nd_congressional_district,Misamis Oriental|2,157,Misamis Oriental,Northern Mindanao,"{'No.': 512238, 'Year': 2015}","{'No.': 349580, 'Year': 2019}",,1650.35,1987.0,Yevgeny Vincente B. Emano,  Padayon Pilipino,Majority,,/wiki/Misamis_Oriental%27s_2nd_congressional_district,d:Misamis Oriental|2
158,158,CAR,108512,158200,2157.38,Maximo Dalog Jr.,,Nacionalista,Mountain Province,at-large,/wiki/Legislative_districts_of_Mountain_Province,Mountain Province|at-large,158,,,"{'No.': None, 'Year': None}","{'No.': None, 'Year': None}","{'Quantity': None, 'LGUs': None}",,,,,,,/wiki/Legislative_districts_of_Mountain_Province,d:Mountain Province|at-large
159,159,NCR,341511,543445,39.75,Jaime Fresnedi,,Liberal,Muntinlupa,at-large,/wiki/Muntinlupa%27s_at-large_congressional_district,Muntinlupa|at-large,159,,Metro Manila,"{'No.': 543445, 'Year': 2020}","{'No.': 311750, 'Year': 2022}","{'Quantity': None, 'LGUs': None}",39.75,1995.0,Jaime Fresnedi,  Liberal,Majority,,/wiki/Muntinlupa%27s_at-large_congressional_district,d:Muntinlupa|at-large
160,160,NCR,145806,247543,10.77,Toby Tiangco,,Partido Navoteño,Navotas,at-large,/wiki/Navotas%27s_at-large_congressional_district,Navotas|at-large,160,,Metro Manila,"{'No.': 247543, 'Year': 2020}","{'No.': 150693, 'Year': 2022}",,10.77,2007.0,Toby Tiangco,  Navoteño,Majority,,/wiki/Navotas%27s_at-large_congressional_district,d:Navotas|at-large
161,161,VI,249468,381716,1436.59,Gerardo Valmayor Jr.,,NPC,Negros Occidental,1,/wiki/Negros_Occidental%27s_1st_congressional_district,Negros Occidental|1,161,Negros Occidental,Western Visayas,"{'No.': 381716, 'Year': 2020}","{'No.': 276286, 'Year': 2022}",,1436.59,1907.0,Gerardo Valmayor Jr.,  NPC,Majority,,/wiki/Negros_Occidental%27s_1st_congressional_district,d:Negros Occidental|1
162,162,VI,206751,362521,967.77,Alfredo Thirdy Marañon,,NUP,Negros Occidental,2,/wiki/Negros_Occidental%27s_2nd_congressional_district,Negros Occidental|2,162,Negros Occidental,Western Visayas,"{'No.': 362521, 'Year': 2020}","{'No.': 214284, 'Year': 2022}",,967.77,1907.0,Alfredo Marañon III,  NUP,Majority,,/wiki/Negros_Occidental%27s_2nd_congressional_district,d:Negros Occidental|2
163,163,VI,306831,482646,942.29,Jose Francisco Benitez,,PFP,Negros Occidental,3,/wiki/Negros_Occidental%27s_3rd_congressional_district,Negros Occidental|3,163,Negros Occidental,Western Visayas,"{'No.': 482646, 'Year': 2020}","{'No.': 313671, 'Year': 2022}",,942.29,1907.0,Jose Francisco Benitez,  PFP,Majority,,/wiki/Negros_Occidental%27s_3rd_congressional_district,d:Negros Occidental|3
164,164,VI,241076,406666,750.86,Juliet Marie Ferrer,,NUP,Negros Occidental,4,/wiki/Negros_Occidental%27s_4th_congressional_district,Negros Occidental|4,164,Negros Occidental,Western Visayas,"{'No.': 406666, 'Year': 2020}","{'No.': 241130, 'Year': 2022}",,750.86,1987.0,Juliet Marie Ferrer,  NUP,Majority,,/wiki/Negros_Occidental%27s_4th_congressional_district,d:Negros Occidental|4
165,165,VI,277004,464026,1220.0,Dino Yulo,,Independent,Negros Occidental,5,/wiki/Negros_Occidental%27s_5th_congressional_district,Negros Occidental|5,165,Negros Occidental,Western Visayas,"{'No.': 464026, 'Year': 2020}","{'No.': 291349, 'Year': 2022}",,1220.0,1987.0,Dino Yulo,  Independent,Majority,,/wiki/Negros_Occidental%27s_5th_congressional_district,d:Negros Occidental|5
166,166,VI,295254,525597,2485.03,Mercedes Alvarez,,NPC,Negros Occidental,6,/wiki/Negros_Occidental%27s_6th_congressional_district,Negros Occidental|6,166,Negros Occidental,Western Visayas,"{'No.': 525597, 'Year': 2020}","{'No.': 307048, 'Year': 2022}",,2485.03,1987.0,Mercedes Alvarez,  NPC,Majority,,/wiki/Negros_Occidental%27s_6th_congressional_district,d:Negros Occidental|6
167,167,VII,271566,445970,1797.44,Jocelyn Limkaichong,,Liberal,Negros Oriental,1,/wiki/Negros_Oriental%27s_1st_congressional_district,Negros Oriental|1,167,Negros Oriental,Central Visayas,"{'No.': 422208, 'Year': 2015}","{'No.': 239474, 'Year': 2016}",,1797.44,1907.0,Jocelyn Sy-Limkaichong,  Liberal,Minority,,/wiki/Negros_Oriental%27s_1st_congressional_district,d:Negros Oriental|1
168,168,VII,339117,535632,1480.26,Manuel Sagarbarria,,NPC,Negros Oriental,2,/wiki/Negros_Oriental%27s_2nd_congressional_district,Negros Oriental|2,168,Negros Oriental,Central Visayas,"{'No.': 508152, 'Year': 2015}","{'No.': 299092, 'Year': 2016}",,1480.26,1907.0,Chiquiting Sagarbarria,  NPC,Majority,,/wiki/Negros_Oriental%27s_2nd_congressional_district,d:Negros Oriental|2
169,169,VII,278143,451388,2107.83,Vacant,,,Negros Oriental,3,/wiki/Negros_Oriental%27s_3rd_congressional_district,Negros Oriental|3,169,Negros Oriental,Central Visayas,"{'No.': 451388, 'Year': 2020}","{'No.': 291224, 'Year': 2022}",,2107.83,1987.0,Vacant,,,,/wiki/Negros_Oriental%27s_3rd_congressional_district,d:Negros Oriental|3
170,170,VIII,241623,345791,1937.46,Paul Daza,,NUP,Northern Samar,1,/wiki/Northern_Samar%27s_1st_congressional_district,Northern Samar|1,170,Northern Samar,Eastern Visayas,"{'No.': 336265, 'Year': 2015}","{'No.': 241623, 'Year': 2019}",,1937.46,1987.0,Paul R. Daza,  National Unity Party,Minority,,/wiki/Northern_Samar%27s_1st_congressional_district,d:Northern Samar|1
171,171,VIII,201201,293395,1755.47,Harris Ongchuan,,NUP,Northern Samar,2,/wiki/Northern_Samar%27s_2nd_congressional_district,Northern Samar|2,171,Northern Samar,Eastern Visayas,"{'No.': 296114, 'Year': 2015}","{'No.': 201201, 'Year': 2019}",,1755.47,1987.0,Harris Christopher M. Ongchuan,  NUP,Minority,,/wiki/Northern_Samar%27s_2nd_congressional_district,d:Northern Samar|2
172,172,III,358002,598187,1027.38,Mika Suansing,,Lakas,Nueva Ecija,1,/wiki/Nueva_Ecija%27s_1st_congressional_district,Nueva Ecija|1,172,Nueva Ecija,Central Luzon,"{'No.': 598187, 'Year': 2020}","{'No.': 388005, 'Year': 2022}",,1027.38,1926.0,Mikaela Angela B. Suansing,  Lakas–CMD,Majority,,/wiki/Nueva_Ecija%27s_1st_congressional_district,d:Nueva Ecija|1
173,173,III,310119,493038,1897.18,Joseph Gilbert Violago,,NUP,Nueva Ecija,2,/wiki/Nueva_Ecija%27s_2nd_congressional_district,Nueva Ecija|2,173,Nueva Ecija,Central Luzon,"{'No.': 463670, 'Year': 2015}","{'No.': 277920, 'Year': 2016}",,1897.18,1926.0,Joseph Gilbert F. Violago,  NUP,Majority,,/wiki/Nueva_Ecija%27s_2nd_congressional_district,d:Nueva Ecija|2
174,174,III,411583,636728,1384.55,Rosanna Vergara,,PDP,Nueva Ecija,3,/wiki/Nueva_Ecija%27s_3rd_congressional_district,Nueva Ecija|3,174,Nueva Ecija,Central Luzon,"{'No.': 589607, 'Year': 2015}","{'No.': 411583, 'Year': 2019}",,1384.55,1987.0,Rosanna Vergara,  PFP,Majority,,/wiki/Nueva_Ecija%27s_3rd_congressional_district,d:Nueva Ecija|3
175,175,III,380746,582181,1351.76,Emeng Pascual,,Lakas,Nueva Ecija,4,/wiki/Nueva_Ecija%27s_4th_congressional_district,Nueva Ecija|4,175,Nueva Ecija,Central Luzon,"{'No.': 582181, 'Year': 2020}","{'No.': 403655, 'Year': 2022}",,1351.76,1987.0,Emerson D. Pascual,  Lakas–CMD,Majority,,/wiki/Nueva_Ecija%27s_4th_congressional_district,d:Nueva Ecija|4
176,176,II,278898,497432,3975.67,Luisa Lloren Cuaresma,,Lakas,Nueva Vizcaya,at-large,/wiki/Nueva_Vizcaya%27s_at-large_congressional_district,Nueva Vizcaya|at-large,176,Nueva Vizcaya,Cagayan Valley,"{'No.': 497432, 'Year': 2020}","{'No.': 296233, 'Year': 2022}","{'Quantity': None, 'LGUs': None}",4221.45,,Luisa Lloren Cuaresma,  Lakas–CMD,Majority,,/wiki/Nueva_Vizcaya%27s_at-large_congressional_district,d:Nueva Vizcaya|at-large
177,177,IV-B,289953,525354,5865.71,Odie Tarriela,,PFP,Occidental Mindoro,at-large,/wiki/Occidental_Mindoro%27s_at-large_congressional_district,Occidental Mindoro|at-large,177,Occidental Mindoro,Mimaropa,"{'No.': 525354, 'Year': 2020}","{'No.': 313427, 'Year': 2022}","{'Quantity': None, 'LGUs': None}",5865.71,1950.0,"Leody ""Odie"" Tarriela",  PFP,Majority,,/wiki/Occidental_Mindoro%27s_at-large_congressional_district,d:Occidental Mindoro|at-large
178,178,IV-B,282342,485487,2015.19,Arnan Panaligan,,Lakas,Oriental Mindoro,1,/wiki/Oriental_Mindoro%27s_1st_congressional_district,Oriental Mindoro|1,178,Oriental Mindoro,Mimaropa,"{'No.': 452908, 'Year': 2015}","{'No.': 282342, 'Year': 2019}",,2015.19,1987.0,Arnan C. Panaligan,  Lakas-CMD,Majority,,/wiki/Oriental_Mindoro%27s_1st_congressional_district,d:Oriental Mindoro|1
179,179,IV-B,231200,422852,2223.19,Alfonso Umali Jr.,,Liberal,Oriental Mindoro,2,/wiki/Oriental_Mindoro%27s_2nd_congressional_district,Oriental Mindoro|2,179,Oriental Mindoro,Mimaropa,"{'No.': 391151, 'Year': 2015}","{'No.': 231200, 'Year': 2019}",,2223.19,1987.0,Alfonso Umali Jr.,  Liberal,Majority,,/wiki/Oriental_Mindoro%27s_2nd_congressional_district,d:Oriental Mindoro|2
180,180,IV-B,262465,462089,7725.9,Vacant,,,Palawan,1,/wiki/Palawan%27s_1st_congressional_district,Palawan|1,180,Palawan,Mimaropa,"{'No.': 462089, 'Year': 2020}","{'No.': 292031, 'Year': 2022}",,7725.9,1987.0,Vacant,,,,/wiki/Palawan%27s_1st_congressional_district,d:Palawan|1
181,181,IV-B,236014,438769,6116.5,Jose Alvarez,,PDP,Palawan,2,/wiki/Palawan%27s_2nd_congressional_district,Palawan|2,181,Palawan,Mimaropa,"{'No.': 438769, 'Year': 2020}","{'No.': 260323, 'Year': 2022}",,6116.5,1987.0,Jose Chavez Alvarez,  PDP,Majority,,/wiki/Palawan%27s_2nd_congressional_district,d:Palawan|2
182,182,IV-B,178706,345815,3188.35,Vacant,,,Palawan,3,/wiki/Palawan%27s_3rd_congressional_district,Palawan|3,182,Palawan,Mimaropa,"{'No.': 345815, 'Year': 2020}","{'No.': 194033, 'Year': 2022}",,3188.35,2012.0,Vacant,,,,/wiki/Palawan%27s_3rd_congressional_district,d:Palawan|3
183,183,III,380959,880360,240.77,Carmelo Lazatin II,,PDP,Pampanga,1,/wiki/Pampanga%27s_1st_congressional_district,Pampanga|1,183,Pampanga,Central Luzon,"{'No.': 880360, 'Year': 2020}","{'No.': 416188, 'Year': 2022}",,240.77,1907.0,Carmelo B. Lazatin II,  Lakas–CMD,Majority,,/wiki/Pampanga%27s_1st_congressional_district,d:Pampanga|1
184,184,III,330862,655973,815.48,Gloria Macapagal Arroyo,,Lakas,Pampanga,2,/wiki/Pampanga%27s_2nd_congressional_district,Pampanga|2,184,Pampanga,Central Luzon,"{'No.': 514041, 'Year': 2020}","{'No.': 353548, 'Year': 2022}",,815.48,1907.0,Gloria Macapagal-Arroyo,  Lakas,Majority,,/wiki/Pampanga%27s_2nd_congressional_district,d:Pampanga|2
185,185,III,400858,782547,431.17,Aurelio Gonzales Jr.,,Independent,Pampanga,3,/wiki/Pampanga%27s_3rd_congressional_district,Pampanga|3,185,Pampanga,Central Luzon,"{'No.': 782547, 'Year': 2020}","{'No.': 439078, 'Year': 2022}",,431.17,1987.0,Aurelio Gonzales Jr.,  Lakas–CMD,Majority,,/wiki/Pampanga%27s_3rd_congressional_district,d:Pampanga|3
186,186,III,347624,581757,575.05,Anna Bondoc,,Nacionalista,Pampanga,4,/wiki/Pampanga%27s_4th_congressional_district,Pampanga|4,186,Pampanga,Central Luzon,"{'No.': 495311, 'Year': 2020}","{'No.': 371659, 'Year': 2022}",,575.05,1987.0,Anna York Bondoc,  Nacionalista,Majority,,/wiki/Pampanga%27s_4th_congressional_district,d:Pampanga|4
187,187,I,278494,454365,1758.81,Arthur Celeste,,Nacionalista,Pangasinan,1,/wiki/Pangasinan%27s_1st_congressional_district,Pangasinan|1,187,Pangasinan,Ilocos Region,"{'No.': 454365, 'Year': 2020}","{'No.': 294221, 'Year': 2022}",,1758.81,1907.0,Arthur F. Celeste,  Nacionalista,Majority,,/wiki/Pangasinan%27s_1st_congressional_district,d:Pangasinan|1
188,188,I,325051,514041,1080.26,Mark Cojuangco,,NPC,Pangasinan,2,/wiki/Pangasinan%27s_2nd_congressional_district,Pangasinan|2,188,Pangasinan,Ilocos Region,"{'No.': 474712, 'Year': 2015}","{'No.': 351684, 'Year': 2022}",,1080.26,1907.0,Mark Cojuangco,  NPC,Majority,,/wiki/Pangasinan%27s_2nd_congressional_district,d:Pangasinan|2
189,189,I,406069,708245,584.07,Rachel Baby Arenas,,Lakas,Pangasinan,3,/wiki/Pangasinan%27s_3rd_congressional_district,Pangasinan|3,189,Pangasinan,Ilocos Region,"{'No.': 708245, 'Year': 2020}","{'No.': 441956, 'Year': 2022}",,584.07,1907.0,Maria Rachel Arenas,  Lakas,Majority,,/wiki/Pangasinan%27s_3rd_congressional_district,d:Pangasinan|3
190,190,I,310771,495311,274.35,Christopher de Venecia,,Lakas,Pangasinan,4,/wiki/Pangasinan%27s_4th_congressional_district,Pangasinan|4,190,Pangasinan,Ilocos Region,"{'No.': 470972, 'Year': 2015}","{'No.': 274646, 'Year': 2016}",,274.35,1907.0,Christopher de Venecia,  Lakas,Majority,,/wiki/Pangasinan%27s_4th_congressional_district,d:Pangasinan|4
191,191,I,324329,526367,585.67,Ramon Guico Jr.,,Lakas,Pangasinan,5,/wiki/Pangasinan%27s_5th_congressional_district,Pangasinan|5,191,Pangasinan,Ilocos Region,"{'No.': 489129, 'Year': 2015}","{'No.': 283403, 'Year': 2016}",,585.67,1907.0,Ramon Guico Jr.,  Lakas,Majority,,/wiki/Pangasinan%27s_5th_congressional_district,d:Pangasinan|5
192,192,I,301978,464861,1175.09,Len Primicias Agabas,,PFP,Pangasinan,6,/wiki/Pangasinan%27s_6th_congressional_district,Pangasinan|6,192,Pangasinan,Ilocos Region,"{'No.': 464861, 'Year': 2020}","{'No.': 316097, 'Year': 2022}",,1175.09,1987.0,Marlyn Primicias-Agabas,  PFP,Majority,,/wiki/Pangasinan%27s_6th_congressional_district,d:Pangasinan|6
193,193,NCR,137525,265839,17.06,Edwin Olivarez,,Lakas,Parañaque,1,/wiki/Para%C3%B1aque%27s_1st_congressional_district,Parañaque|1,193,,Metro Manila,"{'No.': 265839, 'Year': 2020}","{'No.': 142815, 'Year': 2022}",,17.06,2003.0,Edwin Olivarez,  Lakas,Majority,,/wiki/Para%C3%B1aque%27s_1st_congressional_district,d:Parañaque|1
194,194,NCR,191399,424153,27.99,Gustavo Tambunting,,NUP,Parañaque,2,/wiki/Para%C3%B1aque%27s_2nd_congressional_district,Parañaque|2,194,,Metro Manila,"{'No.': 424153, 'Year': 2020}","{'No.': 203263, 'Year': 2022}",,27.99,2003.0,Gustavo Tambunting,  NUP,Majority,,/wiki/Para%C3%B1aque%27s_2nd_congressional_district,d:Parañaque|2
195,195,NCR,285538,440656,13.97,Antonino Calixto,,Lakas,Pasay,at-large,/wiki/Pasay%27s_at-large_congressional_district,Pasay|at-large,195,,Metro Manila,"{'No.': 440656, 'Year': 2020}","{'No.': 276579, 'Year': 2022}","{'Quantity': None, 'LGUs': None}",13.97,1984.0,Antonino Calixto,  Lakas,Majority,,/wiki/Pasay%27s_at-large_congressional_district,d:Pasay|at-large
196,196,NCR,440856,803159,31.0,Roman Romulo,,Independent,Pasig,at-large,/wiki/Pasig%27s_at-large_congressional_district,Pasig|at-large,196,,Metro Manila,"{'No.': 803159, 'Year': 2020}","{'No.': 457370, 'Year': 2022}","{'Quantity': None, 'LGUs': None}",48.46,1987.0,Roman Romulo,  Independent,Majority,,/wiki/Pasig%27s_at-large_congressional_district,d:Pasig|at-large
197,197,IV-A,320898,573895,4178.81,Wilfrido Mark Enverga,,NPC,Quezon,1,/wiki/Quezon%27s_1st_congressional_district,Quezon|1,197,Quezon,Calabarzon,"{'No.': 573895, 'Year': 2020}","{'No.': 365650, 'Year': 2022}",,4178.81,1907.0,Wilfrido Mark M. Enverga,  NPC,Majority,,/wiki/Quezon%27s_1st_congressional_district,d:Quezon|1
198,198,IV-A,421577,753343,825.38,David C. Suarez,,Lakas,Quezon,2,/wiki/Quezon%27s_2nd_congressional_district,Quezon|2,198,Quezon,Calabarzon,"{'No.': 753343, 'Year': 2020}","{'No.': 471129, 'Year': 2022}",,825.38,1907.0,David C. Suarez,  Lakas–CMD,Majority,,/wiki/Quezon%27s_2nd_congressional_district,d:Quezon|2
199,199,IV-A,268105,446711,1986.2,Reynante Arrogancia,,NPC,Quezon,3,/wiki/Quezon%27s_3rd_congressional_district,Quezon|3,199,,Region IV-A (Calabarzon),"{'No.': 446711, 'Year': 2020}","{'No.': 290045, 'Year': 2022}",,,1987.0,Reynante U. Arrogancia,,,,/wiki/Quezon%27s_3rd_congressional_district,d:Quezon|3
200,200,IV-A,273864,455434,2079.21,Mike Tan,,NPC,Quezon,4,/wiki/Quezon%27s_4th_congressional_district,Quezon|4,200,Quezon,Calabarzon,"{'No.': 456568, 'Year': 2015}","{'No.': 273864, 'Year': 2019}",,2079.21,1987.0,Keith Micah Tan,  Nationalist People's Coalition,Majority,,/wiki/Quezon%27s_4th_congressional_district,d:Quezon|4
201,201,NCR,204097,384384,19.16,Arjo Atayde,,Nacionalista,Quezon City,1,/wiki/Quezon_City%27s_1st_congressional_district,Quezon City|1,201,,Metro Manila,"{'No.': 409162, 'Year': 2015}","{'No.': 264362, 'Year': 2022}",,19.59,1987.0,Arjo Atayde,  Nacionalista,Majority,,/wiki/Quezon_City%27s_1st_congressional_district,d:Quezon City|1
202,202,NCR,329585,738328,26.62,Ralph Tulfo,,PFP,Quezon City,2,/wiki/Quezon_City%27s_2nd_congressional_district,Quezon City|2,202,,Metro Manila,"{'No.': 738328, 'Year': 2020}","{'No.': 309300, 'Year': 2022}",,19.59,1987.0,Ralph Wendel Tulfo,  PFP,Majority,,/wiki/Quezon_City%27s_2nd_congressional_district,d:Quezon City|2
203,203,NCR,150580,319371,22.16,Franz Pumaren,,NUP,Quezon City,3,/wiki/Quezon_City%27s_3rd_congressional_district,Quezon City|3,203,,Metro Manila,"{'No.': 319371, 'Year': 2020}","{'No.': 161366, 'Year': 2022}",,46.27,1987.0,Franz S. Pumaren,  NUP,Majority,,/wiki/Quezon_City%27s_3rd_congressional_district,d:Quezon City|3
204,204,NCR,209699,407402,22.86,Marvin Rillo,,Lakas,Quezon City,4,/wiki/Quezon_City%27s_4th_congressional_district,Quezon City|4,204,,Metro Manila,"{'No.': 407402, 'Year': 2020}","{'No.': 210720, 'Year': 2022}",,23.42,1987.0,Marvin D.C. Rillo,  Lakas-CMD,Majority,,/wiki/Quezon_City%27s_4th_congressional_district,d:Quezon City|4
205,205,NCR,246497,596047,52.01,PM Vargas,,Lakas,Quezon City,5,/wiki/Quezon_City%27s_5th_congressional_district,Quezon City|5,205,,Metro Manila,"{'No.': None, 'Year': None}","{'No.': 264130, 'Year': 2022}",,28.03,2012.0,Patrick Michael Vargas,  Lakas,Majority,"{'2013–present:\nBagbag,': ['Capri,', 'Fairview,', 'Greater', 'Lagro,', 'Gulod,', 'Kaligayahan,', 'Nagkaisang', 'Nayon,', 'North', 'Fairview,', 'Novaliches', 'Proper,', 'Pasong', 'Putik', 'Proper,', 'San', 'Agustin,', 'San', 'Bartolome,', 'Santa', 'Lucia,', 'Santa', 'Monica']}",/wiki/Quezon_City%27s_5th_congressional_district,d:Quezon City|5
206,206,NCR,189660,514516,21.72,Marivic Co-Pilar,,NUP,Quezon City,6,/wiki/Quezon_City%27s_6th_congressional_district,Quezon City|6,206,,Metro Manila,"{'No.': 531592, 'Year': 2015}","{'No.': 234028, 'Year': 2022}",,21.97,2012.0,Marivic Co-Pilar,  NUP,Majority,,/wiki/Quezon_City%27s_6th_congressional_district,d:Quezon City|6
207,207,II,117635,203828,2323.47,Midy Cua,,Lakas,Quirino,at-large,/wiki/Quirino%27s_at-large_congressional_district,Quirino|at-large,207,Quirino,Cagayan Valley,"{'No.': 188991, 'Year': 2015}","{'No.': 117635, 'Year': 2019}","{'Quantity': None, 'LGUs': None}",2323.47,1984.0,Midy N. Cua,  Lakas–CMD,Majority,,/wiki/Quirino%27s_at-large_congressional_district,d:Quirino|at-large
208,208,IV-A,544551,1207509,174.35,Michael John Duavit,,NPC,Rizal,1,/wiki/Rizal%27s_1st_congressional_district,Rizal|1,208,Rizal,Calabarzon,"{'No.': 1207509, 'Year': 2020}","{'No.': 521954, 'Year': 2022}",,174.35,1907.0,Michael John R. Duavit,  NPC,Majority,,/wiki/Rizal%27s_1st_congressional_district,d:Rizal|1
209,209,IV-A,278444,517975,474.46,Dino Tanjuatco,,Liberal,Rizal,2,/wiki/Rizal%27s_2nd_congressional_district,Rizal|2,209,Rizal,Calabarzon,"{'No.': 517975, 'Year': 2020}","{'No.': 297030, 'Year': 2022}",,474.46,1907.0,Emigdio P. Tanjuatco III,  Liberal,,,/wiki/Rizal%27s_2nd_congressional_district,d:Rizal|2
210,210,IV-A,106418,273306,55.09,Jose Arturo Garcia Jr.,,NPC,Rizal,3,/wiki/Rizal%27s_3rd_congressional_district,Rizal|3,210,Rizal,Calabarzon,"{'No.': 273306, 'Year': 2020}","{'No.': 110276, 'Year': 2022}",,55.09,2021.0,"Jose Arturo S. Garcia, Jr.",  NPC,Majority,,/wiki/Rizal%27s_3rd_congressional_district,d:Rizal|3
211,211,IV-A,209134,443954,172.65,Juan Fidel Felipe Nograles,,Lakas,Rizal,4,/wiki/Rizal%27s_4th_congressional_district,Rizal|4,211,Rizal,Calabarzon,"{'No.': 443954, 'Year': 2020}","{'No.': 201452, 'Year': 2022}",,312.7,2021.0,Juan Fidel Felipe Nograles,  Lakas-CMD,Majority,,/wiki/Rizal%27s_4th_congressional_district,d:Rizal|4
212,212,IV-B,198078,308985,1533.45,Eleandro Jesus Madrona,,Nacionalista,Romblon,at-large,/wiki/Romblon%27s_at-large_congressional_district,Romblon|at-large,212,Romblon,Mimaropa,"{'No.': 308985, 'Year': 2020}","{'No.': 206119, 'Year': 2022}","{'Quantity': None, 'LGUs': None}",1533.45,,Eleandro Jesus F. Madrona,  Nacionalista,Majority,,/wiki/Romblon%27s_at-large_congressional_district,d:Romblon|at-large
213,213,VIII,247967,338230,2269.14,Jimboy Tan,,Nacionalista,Samar,1,/wiki/Samar%27s_1st_congressional_district,Samar|1,213,Samar,Eastern Visayas,"{'No.': 332320, 'Year': 2015}","{'No.': 213172, 'Year': 2016}",,2269.14,1907.0,Stephen James T. Tan,  Lakas–CMD,Minority,,/wiki/Samar%27s_1st_congressional_district,d:Samar|1
214,214,VIII,315166,454953,3778.89,Reynolds Michael Tan,,Lakas,Samar,2,/wiki/Samar%27s_2nd_congressional_district,Samar|2,214,Samar,Eastern Visayas,"{'No.': 454953, 'Year': 2020}","{'No.': 336756, 'Year': 2022}",,3778.89,1907.0,Reynolds Michael Tan,  Lakas–CMD,Minority,,/wiki/Samar%27s_2nd_congressional_district,d:Samar|2
215,215,III,247567,651813,105.53,Florida Robes,,PFP,San Jose del Monte,at-large,/wiki/San_Jose_del_Monte%27s_at-large_congressional_district,San Jose del Monte|at-large,215,"Bulacan, Central Luzon","
At-large*
","{'No.': 651813, 'Year': 2020}","{'No.': 261740, 'Year': 2022}","{'Quantity': None, 'LGUs': None}",105.53,2003.0,Florida P. Robes,  PFP  Arangkada San Joseño,Majority,,/wiki/San_Jose_del_Monte%27s_at-large_congressional_district,d:San Jose del Monte|at-large
216,216,NCR,82977,126347,5.95,Bel Zamora,,PDP,San Juan,at-large,/wiki/San_Juan%27s_at-large_congressional_district,San Juan|at-large,216,,Metro Manila,"{'No.': 126347, 'Year': 2020}","{'No.': 109640, 'Year': 2022}",,5.95,1994.0,Bel Zamora,  PDP,Majority,,/wiki/San_Juan%27s_at-large_congressional_district,d:San Juan|at-large
217,217,IV-A,213913,414812,54.84,Danilo Fernandez,,NUP,Santa Rosa,at-large,/wiki/Santa_Rosa%27s_at-large_congressional_district,Santa Rosa|at-large,217,"Laguna, Calabarzon","
At-large*
","{'No.': 414812, 'Year': 2020}","{'No.': 222046, 'Year': 2022}",,54.84,2019.0,Danilo Fernandez,  NUP,Majority,,/wiki/Santa_Rosa%27s_at-large_congressional_district,d:Santa Rosa|at-large
218,218,XII,345904,558946,3601.25,Steve Solon,,Lakas,Sarangani,at-large,/wiki/Sarangani%27s_at-large_congressional_district,Sarangani|at-large,218,Sarangani,Soccsksargen,"{'No.': 558946, 'Year': 2020}","{'No.': 362055, 'Year': 2022}","{'Quantity': None, 'LGUs': None}",3601.25,1992.0,Steve Solon,  PCM,Majority,,/wiki/Sarangani%27s_at-large_congressional_district,d:Sarangani|at-large
219,219,VII,76225,103395,337.49,Jecoy Villa,,PDP,Siquijor,at-large,/wiki/Siquijor%27s_at-large_congressional_district,Siquijor|at-large,219,Siquijor,Central Visayas,"{'No.': 103395, 'Year': 2020}","{'No.': 78458, 'Year': 2022}","{'Quantity': None, 'LGUs': None}",337.49,1984.0,Zaldy Villa,  Lakas–CMD,Majority,,/wiki/Siquijor%27s_at-large_congressional_district,d:Siquijor|at-large
220,220,V,250659,441959,1103.73,Dette Escudero,,NPC,Sorsogon,1,/wiki/Sorsogon%27s_1st_congressional_district,Sorsogon|1,220,Sorsogon,Bicol Region,"{'No.': 420092, 'Year': 2015}","{'No.': 213458, 'Year': 2016}",,1103.732,1907.0,Maria Bernadette G. Escudero,  NPC,Majority,,/wiki/Sorsogon%27s_1st_congressional_district,d:Sorsogon|1
221,221,V,242457,386696,1015.28,Wowo Fortes,,NPC,Sorsogon,2,/wiki/Sorsogon%27s_2nd_congressional_district,Sorsogon|2,221,Sorsogon,Bicol Region,"{'No.': 386696, 'Year': 2020}","{'No.': 263550, 'Year': 2022}",,1015.28,1907.0,Manuel L. Fortes Jr.,  NPC,Majority,,/wiki/Sorsogon%27s_2nd_congressional_district,d:Sorsogon|2
222,222,XII,172031,287082,147.48,Ed Lumayag,,PFP,South Cotabato,1,/wiki/South_Cotabato%27s_1st_congressional_district,South Cotabato|1,222,South Cotabato,Soccsksargen,"{'No.': 287082, 'Year': 2020}","{'No.': 193558, 'Year': 2022}",,957.97,1987.0,Isidro Lumayag,  PFP,Majority,,/wiki/South_Cotabato%27s_1st_congressional_district,d:South Cotabato|1
223,223,XII,386922,688394,1372.2,Peter Miguel,,PFP,South Cotabato,2,/wiki/South_Cotabato%27s_2nd_congressional_district,South Cotabato|2,223,South Cotabato,Soccsksargen,"{'No.': 688394, 'Year': 2020}","{'No.': 421751, 'Year': 2022}",,2977.98,1987.0,Peter B. Miguel,  Lakas–CMD,Majority,,/wiki/South_Cotabato%27s_2nd_congressional_district,d:South Cotabato|2
224,224,VIII,132114,201421,528.94,Luz Mercado,,NUP,Southern Leyte,1,/wiki/Southern_Leyte%27s_1st_congressional_district,Southern Leyte|1,224,Southern Leyte,Eastern Visayas,"{'No.': 201421, 'Year': 2020}","{'No.': 133753, 'Year': 2022}",,603.91,2019.0,Luz Mercado,  NUP,Majority,,/wiki/Southern_Leyte%27s_1st_congressional_district,d:Southern Leyte|1
225,225,VIII,160223,228152,1269.67,Christopherson Yap,,Lakas,Southern Leyte,2,/wiki/Southern_Leyte%27s_2nd_congressional_district,Southern Leyte|2,225,Southern Leyte,Eastern Visayas,"{'No.': 228152, 'Year': 2020}","{'No.': 159882, 'Year': 2022}",,1194.7,2019.0,Christopherson Yap,  Lakas-CMD,Majority,,/wiki/Southern_Leyte%27s_2nd_congressional_district,d:Southern Leyte|2
226,226,XII,231471,427963,2327.08,Princess Rihan Sakaluran,,Lakas,Sultan Kudarat,1,/wiki/Sultan_Kudarat%27s_1st_congressional_district,Sultan Kudarat|1,226,Sultan Kudarat,Soccsksargen,"{'No.': 427963, 'Year': 2020}","{'No.': 250786, 'Year': 2022}",,2327.08,2006.0,Rihan M. Sakaluran,  Lakas–CMD,Majority,,/wiki/Sultan_Kudarat%27s_1st_congressional_district,d:Sultan Kudarat|1
227,227,XII,220540,426089,2971.26,Horacio Suansing Jr.,,NUP,Sultan Kudarat,2,/wiki/Sultan_Kudarat%27s_2nd_congressional_district,Sultan Kudarat|2,227,Sultan Kudarat,Soccsksargen,"{'No.': 408389, 'Year': 2015}","{'No.': 220540, 'Year': 2019}",,2971.26,2006.0,Horacio P. Suansing Jr.,  NUP,Majority,,/wiki/Sultan_Kudarat%27s_2nd_congressional_district,d:Sultan Kudarat|2
228,228,BARMM,215522,585458,1101.53,Samier Tan,,Lakas,Sulu,1,/wiki/Sulu%27s_1st_congressional_district,Sulu|1,228,Sulu,Bangsamoro,"{'No.': 486063, 'Year': 2015}","{'No.': 246813, 'Year': 2022}",,1101.53,1987.0,Samier A. Tan,  PDP–Laban,Majority,,/wiki/Sulu%27s_1st_congressional_district,d:Sulu|1
229,229,BARMM,160713,414650,989.17,Abdulmunir Arbison Jr.,,Lakas,Sulu,2,/wiki/Sulu%27s_2nd_congressional_district,Sulu|2,229,Sulu,Bangsamoro,"{'No.': 338668, 'Year': 2015}","{'No.': 186559, 'Year': 2022}",,989.17,1987.0,Abdulmunir Arbison Jr.,  Lakas–CMD,Majority,,/wiki/Sulu%27s_2nd_congressional_district,d:Sulu|2
230,230,XIII,95798,136092,622.56,Francisco Jose Matugas II,,Lakas,Surigao del Norte,1,/wiki/Surigao_del_Norte%27s_1st_congressional_district,Surigao del Norte|1,230,Surigao del Norte,Caraga,"{'No.': 116587, 'Year': 2015}","{'No.': 95798, 'Year': 2019}",,622.56,1987.0,Francisco Jose Matugas II,  PDP–Laban,Majority,,/wiki/Surigao_del_Norte%27s_1st_congressional_district,d:Surigao del Norte|1
231,231,XIII,271507,398544,1350.37,Ace Barbers,,Nacionalista,Surigao del Norte,2,/wiki/Surigao_del_Norte%27s_2nd_congressional_district,Surigao del Norte|2,231,Surigao del Norte,Caraga,"{'No.': 368501, 'Year': 2015}","{'No.': 271507, 'Year': 2019}",,1350.37,1987.0,Ace Barbers,  Nacionalista,Majority,,/wiki/Surigao_del_Norte%27s_2nd_congressional_district,d:Surigao del Norte|2
232,232,XIII,240674,369785,3410.64,Romeo Momo,,Independent,Surigao del Sur,1,/wiki/Surigao_del_Sur%27s_1st_congressional_district,Surigao del Sur|1,232,Surigao del Sur,Caraga,"{'No.': 337825, 'Year': 2015}","{'No.': 240674, 'Year': 2019}",,3410.64,1987.0,Romeo Momo,  Independent,Majority,,/wiki/Surigao_del_Sur%27s_1st_congressional_district,d:Surigao del Sur|1
233,233,XIII,172919,272470,1522.06,Johnny Pimentel,,PDP,Surigao del Sur,2,/wiki/Surigao_del_Sur%27s_2nd_congressional_district,Surigao del Sur|2,233,Surigao del Sur,Caraga,"{'No.': 254425, 'Year': 2015}","{'No.': 172919, 'Year': 2019}",,1522.06,1987.0,Johnny Pimentel,  PDP–Laban,Majority,,/wiki/Surigao_del_Sur%27s_2nd_congressional_district,d:Surigao del Sur|2
234,234,NCR,227891,484906,20.61,Ading Cruz,,Nacionalista,Taguig–Pateros,1,/wiki/Taguig%E2%80%93Pateros%27s_1st_congressional_district,Taguig–Pateros|1,234,,Metro Manila,"{'No.': 484906, 'Year': 2020}","{'No.': 227891, 'Year': 2019}",,20.61,2004.0,"Ricardo ""Ading"" S. Cruz Jr.",  Nacionalista,Majority,,/wiki/Taguig%E2%80%93Pateros%27s_1st_congressional_district,d:Taguig–Pateros|1
235,235,NCR,249644,467043,24.6,Pammy Zamora,,Nacionalista,Taguig–Pateros,2,/wiki/Taguig%E2%80%93Pateros%27s_2nd_congressional_district,Taguig–Pateros|2,235,,Metro Manila,"{'No.': 467043, 'Year': 2020}","{'No.': 249644, 'Year': 2019}",,24.6,2004.0,Pammy Zamora,  Nacionalista,Majority,,/wiki/Taguig%E2%80%93Pateros%27s_2nd_congressional_district,d:Taguig–Pateros|2
236,236,III,268842,439800,960.04,Jaime Cojuangco,,NPC,Tarlac,1,/wiki/Tarlac%27s_1st_congressional_district,Tarlac|1,236,Tarlac,Central Luzon,"{'No.': 439800, 'Year': 2020}","{'No.': 286133, 'Year': 2022}",,960.04,1907.0,Jaime Cojuangco,  NPC,Majority,,/wiki/Tarlac%27s_1st_congressional_district,d:Tarlac|1
237,237,III,320259,590435,1107.87,Christian Yap,,NPC,Tarlac,2,/wiki/Tarlac%27s_2nd_congressional_district,Tarlac|2,237,Tarlac,Central Luzon,"{'No.': 529992, 'Year': 2015}","{'No.': 285045, 'Year': 2016}",,1107.87,1907.0,Christian Tell Yap,  NPC,Majority,,/wiki/Tarlac%27s_2nd_congressional_district,d:Tarlac|2
238,238,III,249363,473221,985.69,Bong Rivera,,NPC,Tarlac,3,/wiki/Tarlac%27s_3rd_congressional_district,Tarlac|3,238,Tarlac,Central Luzon,"{'No.': 427873, 'Year': 2015}","{'No.': 249363, 'Year': 2019}",,985.69,1987.0,Noel N. Rivera,  NPC,Majority,,/wiki/Tarlac%27s_3rd_congressional_district,d:Tarlac|3
239,239,BARMM,210419,440276,1087.4,Dimszar Sali,,NUP,Tawi-Tawi,at-large,/wiki/Tawi-Tawi%27s_at-large_congressional_district,Tawi-Tawi|at-large,239,Tawi-Tawi,Bangsamoro,"{'No.': 440276, 'Year': 2020}","{'No.': 232845, 'Year': 2022}","{'Quantity': None, 'LGUs': None}",1087.4,1984.0,Dimszar M. Sali,  NUP,Majority,,/wiki/Tawi-Tawi%27s_at-large_congressional_district,d:Tawi-Tawi|at-large
240,240,NCR,175621,360894,25.82,Vacant,,,Valenzuela,1,/wiki/Valenzuela%27s_1st_congressional_district,Valenzuela|1,240,,Metro Manila,"{'No.': 360894, 'Year': 2020}","{'No.': 199294, 'Year': 2022}",,25.82,1998.0,Vacant,,,,/wiki/Valenzuela%27s_1st_congressional_district,d:Valenzuela|1
241,241,NCR,202392,354084,18.69,Eric Martinez,,PDP,Valenzuela,2,/wiki/Valenzuela%27s_2nd_congressional_district,Valenzuela|2,241,,Metro Manila,"{'No.': 354084, 'Year': 2020}","{'No.': 244317, 'Year': 2022}",,18.69,1998.0,Eric M. Martinez,  PDP,Majority,,/wiki/Valenzuela%27s_2nd_congressional_district,d:Valenzuela|2
242,242,III,247575,477837,982.01,Jay Khonghun,,Lakas,Zambales,1,/wiki/Zambales%27s_1st_congressional_district,Zambales|1,242,Zambales,Central Luzon,"{'No.': 436317, 'Year': 2015}","{'No.': 247575, 'Year': 2019}",,982.01,1987.0,Jefferson F. Khongun,  Nacionalista,Majority,,/wiki/Zambales%27s_1st_congressional_district,d:Zambales|1
243,243,III,268149,432095,2848.82,Bing Maniquiz,,Lakas,Zambales,2,/wiki/Zambales%27s_2nd_congressional_district,Zambales|2,243,Zambales,Central Luzon,"{'No.': 432095, 'Year': 2020}","{'No.': 286690, 'Year': 2022}",,2848.82,1987.0,Doris E. Maniquiz,  SZP   Lakas–CMD,Majority,,/wiki/Zambales%27s_2nd_congressional_district,d:Zambales|2
244,244,IX,240312,448390,211.21,Khymer Adan Olaso,,Adelante Zamboanga Party,Zamboanga City,1,/wiki/Zamboanga_City%27s_1st_congressional_district,Zamboanga City|1,244,,Zamboanga Peninsula,"{'No.': 402594, 'Year': 2015}","{'No.': 240312, 'Year': 2019}",,211.21,2004.0,Khymer Adan T. Olaso,  Adelante Zamboanga Party,Majority,,/wiki/Zamboanga_City%27s_1st_congressional_district,d:Zamboanga City|1
245,245,IX,227223,528844,1203.49,Manuel Jose Dalipe,,Lakas,Zamboanga City,2,/wiki/Zamboanga_City%27s_2nd_congressional_district,Zamboanga City|2,245,,Zamboanga Peninsula,"{'No.': 459205, 'Year': 2015}","{'No.': 227223, 'Year': 2019}",,1203.49,2004.0,Manuel Jose Dalipe,  Lakas–CMD,Majority,,/wiki/Zamboanga_City%27s_2nd_congressional_district,d:Zamboanga City|2
246,246,IX,159710,231980,1536.29,Pinpin Uy,,Lakas,Zamboanga del Norte,1,/wiki/Zamboanga_del_Norte%27s_1st_congressional_district,Zamboanga del Norte|1,246,Zamboanga del Norte,Zamboanga Peninsula,"{'No.': 231980, 'Year': 2020}","{'No.': 180551, 'Year': 2022}",,1536.29,1987.0,Roberto Uy Jr.,  Lakas-CMD,,,/wiki/Zamboanga_del_Norte%27s_1st_congressional_district,d:Zamboanga del Norte|1
247,247,IX,265905,427956,2018.6,Glona Labadlabad,,Lakas,Zamboanga del Norte,2,/wiki/Zamboanga_del_Norte%27s_2nd_congressional_district,Zamboanga del Norte|2,247,Zamboanga del Norte,Zamboanga Peninsula,"{'No.': 427956, 'Year': 2020}","{'No.': 265905, 'Year': 2019}",,2018.6,1987.0,Glona Labadlabad,  Lakas,Majority,,/wiki/Zamboanga_del_Norte%27s_2nd_congressional_district,d:Zamboanga del Norte|2
248,248,IX,258458,387519,3746.11,Ian Amatong,,Liberal,Zamboanga del Norte,3,/wiki/Zamboanga_del_Norte%27s_3rd_congressional_district,Zamboanga del Norte|3,248,Zamboanga del Norte,Zamboanga Peninsula,"{'No.': 387519, 'Year': 2020}","{'No.': 267007, 'Year': 2022}",,3746.11,1987.0,Ian Amatong,  Liberal,Majority,,/wiki/Zamboanga_del_Norte%27s_3rd_congressional_district,d:Zamboanga del Norte|3
249,249,IX,384126,630154,2180.49,Divina Grace Yu,,Lakas,Zamboanga del Sur,1,/wiki/Zamboanga_del_Sur%27s_1st_congressional_district,Zamboanga del Sur|1,249,Zamboanga del Sur,Zamboanga Peninsula,"{'No.': 630154, 'Year': 2020}","{'No.': 415735, 'Year': 2022}",,2180.49,1987.0,Divina Grace Yu,  Lakas–CMD,Majority,,/wiki/Zamboanga_del_Sur%27s_1st_congressional_district,d:Zamboanga del Sur|1
250,250,IX,256774,420514,2318.97,Victoria Yu,,PDP,Zamboanga del Sur,2,/wiki/Zamboanga_del_Sur%27s_2nd_congressional_district,Zamboanga del Sur|2,250,Zamboanga del Sur,Zamboanga Peninsula,"{'No.': 420514, 'Year': 2020}","{'No.': 277350, 'Year': 2022}",,2318.97,1987.0,Jeyzel Victoria Yu,  PDP–Laban,Majority,,/wiki/Zamboanga_del_Sur%27s_2nd_congressional_district,d:Zamboanga del Sur|2
251,251,IX,170321,307161,1393.27,Wilter Palma,,Lakas,Zamboanga Sibugay,1,/wiki/Zamboanga_Sibugay%27s_1st_congressional_district,Zamboanga Sibugay|1,251,Zamboanga Sibugay,Zamboanga Peninsula,"{'No.': 307161, 'Year': 2020}","{'No.': 170321, 'Year': 2019}",,1393.27,2006.0,Wilter Palma,  Lakas–CMD,Majority,,/wiki/Zamboanga_Sibugay%27s_1st_congressional_district,d:Zamboanga Sibugay|1
252,252,IX,230204,362679,2214.48,Tata Eudela,,Lakas,Zamboanga Sibugay,2,/wiki/Zamboanga_Sibugay%27s_2nd_congressional_district,Zamboanga Sibugay|2,252,Zamboanga Sibugay,Zamboanga Peninsula,"{'No.': 362679, 'Year': 2020}","{'No.': 230204, 'Year': 2019}",,2214.48,2006.0,Antonieta Eudela,  Lakas–CMD,Majority,,/wiki/Zamboanga_Sibugay%27s_2nd_congressional_district,d:Zamboanga Sibugay|2
