,Unnamed: 0,ISO,Province,Capital_x,Population p.a. (2020),Population Count (2020),Island Group,Region_x,Municipalities,Cities,Barangays,Area_km2,Area_mi2,Density (2020)_km2,Density (2020)_mi2,Founded_date,Founded_a,Founded_b,Founded_c,Article Link_x,Coordinates,Region_y,Founded,Capital_y,Largest City,Government,Area,Elevation,Population,Divisions,Time Zone,IDD Area Code,Spoken Languages,Website,Article Link_y,PSGC,Ref. Id
0,0,PH-ABR,Abra,Bangued,0.23,250985,Luzon,CAR,27,,303,4165.25,1608.21,60.0,156.0,"(None, None, '1846')",,,1846,/wiki/Abra_(province),"{'Latitude': '17°35′N', 'Longitude': '120°45′E'}",Cordillera Administrative Region,"March 10, 1917",Bangued,,"{'Governor': {'Name': 'Dominic B. Valera ', 'Party': 'NUP/ASENSO'}, 'Vice Governor': {'Name': 'Maria Jocelyn V. Bernos ', 'Party': 'NUP/ASENSO'}, 'Legislature': 'Abra Provincial Board'}","{'Total': 4165.252, 'Rank': 29}","{'Body': 'Mt.Bangbanglang', 'Peak': 2467.0}",{},{},UTC+8,+63 (0)74,PH-ABR,www.abra.gov.ph,/wiki/Abra_(province),1400100000,p:1400100000
1,1,PH-AGN,Agusan del Norte,Cabadbaran,0.7,760413,Mindanao,XIII,10,2.0,253,3546.86,1369.45,214.0,555.0,"('20', 'Sep', '1907')",20.0,Sep,1907,/wiki/Agusan_del_Norte,"{'Latitude': '9°10′N', 'Longitude': '125°30′E'}",Caraga,17 June 1967,Cabadbaran,Butuan,"{'Governor': {'Name': 'Ma. Angelica Rosedell M. Amante-Matba ', 'Party': 'PDP–Laban'}, 'Vice Governor': {'Name': 'Enrico Corvera ', 'Party': 'PDP–Laban'}, 'Legislature': 'Agusan del Norte Provincial Board'}","{'Total': 2730.242, 'Rank': 48, '': <td class=""infobox-data"">(excluding Butuan)</td>}","{'Body': 'Mount Hilong-Hilong', 'Peak': 2012.0}","{'Total': 387503, 'Density': 140370.0}","{'Independent cities': 1, 'Component cities': 1, 'Municipalities': 10, 'Barangays': 167253, 'Districts': 'Legislative districts of Agusan del Norte'}",UTC+8,+63 (0)85,PH-AGN,www.agusandelnorte.gov.ph ,/wiki/Agusan_del_Norte,1600200000,p:1600200000
2,2,PH-AGS,Agusan del Sur,Prosperidad,0.68,739367,Mindanao,XIII,13,1.0,314,9989.52,3856.98,74.0,192.0,"('1', 'Jan', '1970')",1.0,Jan,1970,/wiki/Agusan_del_Sur,"{'Latitude': '8°30′N', 'Longitude': '125°50′E'}",Caraga,17 June 1967,Prosperidad,Bayugan,"{'Governor': {'Name': 'Santiago B. Cane Jr. ', 'Party': 'NUP'}, 'Vice Governor': {'Name': 'Samuel E. Tortor ', 'Party': 'NUP'}, 'Legislature': 'Agusan del Sur Provincial Board'}","{'Total': 9989.522, 'Rank': 4}","{'Body': 'Mount Datu Masuyapa', 'Peak': 1678.0}",{},"{'Independent cities': 0, 'Component cities': 1, 'Municipalities': 13, 'Barangays': 314, 'Districts': 'Legislative districts of Agusan del Sur'}",UTC+8,+63 (0)85,PH-AGS,agusandelsur.gov.ph,/wiki/Agusan_del_Sur,1600300000,p:1600300000
3,3,PH-AKL,Aklan,Kalibo,0.56,615475,Visayas,VI,17,,327,1821.42,703.25,338.0,875.0,"('25', 'Apr', '1956')",25.0,Apr,1956,/wiki/Aklan,"{'Latitude': '11°40′N', 'Longitude': '122°20′E'}",Western Visayas,25 April 1956,Kalibo,,"{'Governor': 'Jose Enrique M. Miraflores (PDP–Laban\n)', 'Vice Governor': {'Name': 'Reynaldo M. Quimpo ', 'Party': 'NP'}, 'Legislature': 'Aklan Provincial Board'}","{'Total': 1821.422, 'Rank': 64}","{'Body': 'Mount Timbaban', 'Peak': 1777.0}",{},"{'Independent cities': 0, 'Component cities': 0, 'Municipalities': 17, 'Barangays': 327, 'Districts': 'Legislative districts of Aklan'}",UTC+8,+63 (0)36,PH-AKL,aklan.gov.ph,/wiki/Aklan,600400000,p:600400000
4,4,PH-ALB,Albay,Legazpi,1.26,1374768,Luzon,V,15,3.0,720,2575.77,994.51,534.0,1382.0,"('3', 'Apr', '1574')",3.0,Apr,1574,/wiki/Albay,"{'Latitude': '13°14′N', 'Longitude': '123°38′E'}",Bicol Region,"April 3, 1574",Legazpi,,"{'Governor': {'Name': 'Edcel Greco Lagman ', 'Party': 'PFP'}, 'Vice Governor': {'Name': 'Baby Glenda O. Bongao ', 'Party': 'Liberal'}, 'Legislature': 'Albay Provincial Board'}","{'Total': 2575.772, 'Rank': None}","{'Body': 'Mount Mayon', 'Peak': 2463.0}",{},{},UTC+8,+63 (0)52,PH-ALB,albay.gov.ph,/wiki/Albay,500500000,p:500500000
5,5,PH-ANT,Antique,San Jose de Buenavista,0.56,612974,Visayas,VI,18,,590,2729.17,1053.74,225.0,582.0,"('10', 'Mar', '1917')",10.0,Mar,1917,/wiki/Antique_(province),"{'Latitude': '11°10′00″N', 'Longitude': '122°05′00″E'}",Western Visayas,"March 10, 1917
",San Jose de Buenavista,,"{'Type': 'Sangguniang Panlalawigan', 'Governor': {'Name': 'Rhodora J. Cadiao ', 'Party': 'NUP'}, 'Vice Governor': {'Name': 'Edgar D. Denosta ', 'Party': 'NUP'}, 'Legislature': 'Antique Provincial Board'}","{'Total': 2729.172, 'Rank': 49}","{'Body': 'Mount Madja-as', 'Peak': 2117.0}",{},{},UTC+8,+63 (0)36,PH-ANT,antique.gov.ph,/wiki/Antique_(province),600600000,p:600600000
6,6,PH-APA,Apayao,Kabugao,0.11,124366,Luzon,CAR,7,,133,4413.35,1704.0,28.0,73.0,"('14', 'Feb', '1995')",14.0,Feb,1995,/wiki/Apayao,"{'Latitude': '17°45′N', 'Longitude': '121°15′E'}",Cordillera Administrative Region,"May 8, 1995",Kabugao,,"{'Governor': {'Name': 'Elias C. Bulut Jr. ', 'Party': 'NPC'}, 'Vice Governor': {'Name': 'Remy N. Albano ', 'Party': 'KBL'}, 'Legislature': 'Apayao Provincial Board'}","{'Total': 4413.352, 'Rank': 27}","{'Body': 'Mount Lungod', 'Peak': 1921.0}",{},"{'Independent cities': 0, 'Component cities': 0, 'Municipalities': 7, 'Barangays': 133, 'Districts': 'Legislative district of Apayao'}",UTC+8,+63 (0)74,PH-APA,www.apayao.gov.ph,/wiki/Apayao,1408100000,p:1408100000
7,7,PH-AUR,Aurora,Baler,0.22,235750,Luzon,III,8,,151,3147.32,1215.19,75.0,194.0,"('13', 'Aug', '1979')",13.0,Aug,1979,/wiki/Aurora_(province),"{'Latitude': '15°53′N', 'Longitude': '121°33′E'}",Central Luzon,1951 (as sub-province of Quezon),Baler,,"{'Governor': {'Name': 'Reynante A. Tolentino ', 'Party': 'LDP'}, 'Legislature': 'Aurora Provincial Board'}","{'Total': 3147.322, 'Rank': None}","{'Body': 'Mount Mingan', 'Peak': 1901.0}",{},"{'Independent cities': 0, 'Component cities': 0, 'Municipalities': 8, 'Barangays': 151, 'Districts': 'Legislative district of Aurora'}",UTC+8,+63 (0)42,PH-AUR,www.aurora.gov.ph,/wiki/Aurora_(province),307700000,p:307700000
8,8,PH-BAS,Basilan,Lamitan,0.51,556586,Mindanao,BARMM[v],11,2.0,255,1327.23,512.45,419.0,1086.0,"('27', 'Dec', '1973')",27.0,Dec,1973,/wiki/Basilan,"{'Latitude': '7°N', 'Longitude': '122°E'}", Bangsamoro (Whole province except Isabela City)  Zamboanga Peninsula (Isabela City only),,Lamitan,Isabela,"{'Type': 'Sangguniang Panlalawigan', 'Governor': {'Name': 'Hadjiman S. Hataman-Salliman ', 'Party': 'PFP'}, 'Vice Governor': {'Name': 'Yusop T. Alano ', 'Party': 'PDP-Laban'}, 'Representative': {'Name': 'Mujiv S. Hataman ', 'Party': 'LP'}, 'Legislature': 'Basilan Provincial Board'}","{'Total': 1327.232, 'Rank': None}","{'Body': 'Basilan Peak', 'Peak': 998.0}",{},{},UTC+8,+63 (0)62,PH-BAS,www.basilan.gov.ph,/wiki/Basilan,1900700000,p:1900700000
9,9,PH-BAN,Bataan,Balanga,0.78,853373,Luzon,III,11,1.0,237,1373.98,530.5,622.0,1610.0,"('11', 'Jan', '1754')",11.0,Jan,1754,/wiki/Bataan,"{'Latitude': '14°41′N', 'Longitude': '120°27′E'}",Central Luzon,"January 11, 1757",Balanga,,"{'Governor': {'Name': 'Jose Enrique S. Garcia III ', 'Party': 'NUP'}, 'Vice Governor': {'Name': 'Ma. Cristina M. Garcia ', 'Party': 'NUP'}, 'Legislature': 'Bataan Provincial Board'}","{'Total': 1372.982, 'Rank': None}","{'Body': 'Mount Mariveles', 'Peak': 1398.0}",{},"{'Independent cities': 0, 'Component cities': 1, 'Municipalities': 11, 'Barangays': 237, 'Districts': 'Legislative districts of Bataan'}",UTC+8,+63 (0)47,PH-BAN,bataan.gov.ph,/wiki/Bataan,300800000,p:300800000
10,10,PH-BTN,Batanes,Basco,0.02,18831,Luzon,II,6,,29,219.01,84.56,86.0,223.0,"('26', 'Jun', '1783')",26.0,Jun,1783,/wiki/Batanes,"{'Latitude': '20°35′N', 'Longitude': '121°54′E'}",Cagayan Valley,"June 26, 1783",Basco,,"{'Governor': {'Name': 'Marilou  Cayco ', 'Party': 'PFP'}, 'Vice Governor': {'Name': 'Ignacio C. Villa ', 'Party': 'LP'}, 'Legislature': 'Batanes Provincial Board'}","{'Total': 203.222, 'Rank': None}","{'Body': 'Mount Iraya', 'Peak': 1009.0}",{},"{'Independent cities': 0, 'Component cities': 0, 'Municipalities': 6, 'Barangays': 29, 'Districts': 'Legislative district of Batanes'}",UTC+8,+63 (0)78,PH-BTN,,/wiki/Batanes,200900000,p:200900000
11,11,PH-BTG,Batangas,Batangas City,2.67,2908494,Luzon,IV-A,29,5.0,1078,3119.72,1204.53,932.0,2415.0,"('8', 'Dec', '1581')",8.0,Dec,1581,/wiki/Batangas,"{'Latitude': '13°50′N', 'Longitude': '121°00′E'}",Calabarzon,"December 8, 1581",Batangas City,Lipa,"{'Type': 'Sangguniang Panlalawigan', 'Governor': {'Name': 'Hermilando I. Mandanas  ', 'Party': 'PDP–Laban'}, 'Vice Governor': {'Name': 'Jose Antonio S. Leviste II  ', 'Party': 'PDP–Laban'}, 'Legislature': 'Batangas Provincial Board'}","{'Total': 3119.752, 'Rank': 44}","{'Body': 'Mount Makiling', 'Peak': 1090.0}",{},"{'Independent cities': 0, 'Component cities': 5, 'Municipalities': 29, 'Barangays': 1078, 'Districts': 'Legislative districts of Batangas'}",UTC+8,+63 (0)43,PH-BTG,www.batangas.gov.ph ,/wiki/Batangas,401000000,p:401000000
12,12,PH-BEN,Benguet,La Trinidad,0.76,827041,Luzon,CAR,13,1.0,269,2826.59,1091.35,293.0,758.0,"('1', 'Jun', '1536')",1.0,Jun,1536,/wiki/Benguet,"{'Latitude': '17°N', 'Longitude': '121°E'}",Cordillera Administrative Region,"November 23, 1900",La Trinidad,Baguio,"{'Governor': {'Name': 'Melchor D. Diclas ', 'Party': 'PDP–Laban'}, 'Vice Governor': {'Name': 'Ericson ""Tagel"" Felipe ', 'Party': 'INDEPENDENT'}, 'Legislature': 'Benguet Provincial Board'}","{'Total': 2769.082, 'Rank': 47, '': <td class=""infobox-data"">(excluding Baguio)</td>}","{'Body': 'Mount Pulag', 'Peak': 2928.0}","{'Total': 460683, 'Estimate(2020)': <td class=""infobox-data"">842,542<sup class=""reference"" id=""cite_ref-4""><a href=""#cite_note-4"">[4]</a></sup></td>, 'Density': 170430.0}","{'Independent cities': 1, 'Component cities': 0, 'Municipalities': 13, 'Barangays': 140269, 'Districts': 'Legislative districts of Benguet'}",UTC+8,+63 (0)74,PH-BEN,benguet.gov.ph,/wiki/Benguet,1401100000,p:1401100000
13,13,PH-BIL,Biliran,Naval,0.16,179312,Visayas,VIII,8,,132,536.01,206.95,335.0,866.0,"('11', 'May', '1992')",11.0,May,1992,/wiki/Biliran,"{'Latitude': '11°35′N', 'Longitude': '124°29′E'}",Eastern Visayas,11 May 1992,Naval,,"{'Governor': {'Name': 'Gerard Roger M. Espina ', 'Party': 'NP'}, 'Vice Governor': {'Name': 'Brigido C. Caneja III ', 'Party': 'NP'}, 'Legislature': 'Biliran Provincial Board'}","{'Total': 536.012, 'Rank': 78}","{'Body': 'Mount Naliwatan', 'Peak': 1346.0}",{},"{'Independent cities': 0, 'Component cities': 0, 'Municipalities': 8, 'Barangays': 132, 'Districts': 'Lone district of Biliran'}",UTC+8,+63 (0)53,PH-BIL,biliran.gov.ph,/wiki/Biliran,807800000,p:807800000
14,14,PH-BOH,Bohol,Tagbilaran,1.28,1394329,Visayas,VII,47,1.0,1109,4820.95,1861.38,289.0,749.0,"('22', 'Jul', '1854')",22.0,Jul,1854,/wiki/Bohol,"{'Latitude': '9°54′N', 'Longitude': '124°12′E'}",Central Visayas,"July 22, 1854",Tagbilaran,,"{'Type': 'Sangguniang Panlalawigan', 'Governor': {'Name': 'Erico Aristotle C. Aumentado (suspended)Dionisio Victor A. Balite ', 'Party': 'acting'}, 'Vice Governor': {'Name': 'Dionisio Victor A. BaliteTita Baja ', 'Party': 'acting'}, 'Legislature': 'Bohol Provincial Board'}",{'Total': 4820.952},"{'Body': 'Mount Matunog', 'Peak': 864.0}",{},"{'Independent cities': 0, 'Component cities': 1, 'Municipalities': 47, 'Districts': 'Legislative districts of Bohol'}",UTC+08:00,+63 (0)38,PH-BOH,www.bohol.gov.ph,/wiki/Bohol,701200000,p:701200000
15,15,PH-BUK,Bukidnon,Malaybalay,1.41,1541308,Mindanao,X,20,2.0,464,10498.59,4053.53,147.0,380.0,"('10', 'Mar', '1917')",10.0,Mar,1917,/wiki/Bukidnon,"{'Latitude': '7°55′N', 'Longitude': '125°05′E'}",Northern Mindanao,"September 1, 1914 (Commission Act 2408)",Malaybalay,Valencia,"{'Governor': {'Name': 'Rogelio Neil P. Roque ', 'Party': 'PFP'}, 'Vice Governor': {'Name': 'Clive D. Quiño ', 'Party': 'BPP'}, 'Legislature': 'Bukidnon Provincial Board'}","{'Total': 10498.592, 'Rank': None}","{'Body': 'Mount Dulang-dulang', 'Peak': 2941.0}",{},"{'Independent cities': 0, 'Component cities': 2, 'Municipalities': 20, 'Barangays': 464, 'Districts': 'Legislative districts of Bukidnon'}",UTC+8,+63 (0)88,PH-BUK,www.bukidnon.gov.ph ,/wiki/Bukidnon,1001300000,p:1001300000
16,16,PH-BUL,Bulacan,Malolos,3.4,3708890,Luzon,III,21,3.0,569,2796.1,1079.58,1326.0,3435.0,"('15', 'Aug', '1578')",15.0,Aug,1578,/wiki/Bulacan,"{'Latitude': '15°00′N', 'Longitude': '121°05′E'}",Central Luzon,"August 15, 1578",Malolos,San Jose del Monte,"{'Governor': {'Name': 'Daniel Fernando ', 'Party': 'NUP'}, 'Vice Governor': {'Name': 'Alex Castro ', 'Party': 'NUP'}, 'Legislature': 'Bulacan Provincial Board'}","{'Total': 2796.102, 'Rank': 46}","{'Body': 'Mount Oriod', 'Peak': 1188.0}",{},"{'Independent cities': 0, 'Component cities': 4, 'Municipalities': 20, 'Barangays': 569, 'Districts': 'Legislative districts of Bulacan'}",UTC+8,+63 (0)44,PH-BUL,www.bulacan.gov.ph,/wiki/Bulacan,301400000,p:301400000
17,17,PH-CAG,Cagayan,Tuguegarao,1.16,1268603,Luzon,II,28,1.0,820,9295.75,3589.11,136.0,353.0,"('29', 'Jun', '1583')",29.0,Jun,1583,/wiki/Cagayan,"{'Latitude': '18°00′N', 'Longitude': '121°48′E'}",Cagayan Valley,"June 29, 1583",Tuguegarao,,"{'Governor': {'Name': 'Manuel Mamba ', 'Party': 'Nacionalista'}, 'Vice Governor': {'Name': 'Melvin K. Vargas Jr. ', 'Party': 'PDP–Laban'}, 'Legislature': 'Cagayan Provincial Board'}","{'Total': 9398.072, 'Rank': 5}","{'Body': 'Mount Cetaceo', 'Peak': 1823.0}",{},{},UTC+8,+63 (0)78,PH-CAG,www.cagayan.gov.ph,/wiki/Cagayan,201500000,p:201500000
18,18,PH-CAN,Camarines Norte,Daet,0.58,629699,Luzon,V,12,,282,2320.07,895.78,271.0,703.0,"('15', 'Apr', '1920')",15.0,Apr,1920,/wiki/Camarines_Norte,"{'Latitude': '14°10′N', 'Longitude': '122°45′E'}",Bicol Region,1829,Daet,,"{'Governor': {'Name': 'Ricarte R. Padilla ', 'Party': 'PFP'}, 'Vice Governor': {'Name': 'Joseph V. Ascutia ', 'Party': 'LP'}, 'Legislature': 'Camarines Norte Provincial Board'}","{'Total': 2320.072, 'Rank': 55}","{'Body': 'Mount Labo', 'Peak': 1544.0}",{},"{'Independent cities': 0, 'Component cities': 0, 'Municipalities': 12, 'Barangays': 282, 'Districts': 'Legislative districts of Camarines Norte'}",UTC+8,+63 (0)54,PH-CAN,www.camarinesnorte.gov.ph,/wiki/Camarines_Norte,501600000,p:501600000
19,19,PH-CAS,Camarines Sur,Pili,1.9,2068244,Luzon,V,35,2.0,1063,5497.03,2122.42,376.0,974.0,"('27', 'May', '1579')",27.0,May,1579,/wiki/Camarines_Sur,"{'Latitude': '13°40′N', 'Longitude': '123°20′E'}",Bicol Region,"March 19, 1919",Pili,Naga City,"{'Governor': {'Name': 'Vincenzo Renato Luigi Villafuerte ', 'Party': 'PDP–Laban'}, 'Vice Governor': {'Name': 'Salvio Patrick Fortuno ', 'Party': 'PDP–Laban'}, 'Legislature': 'Camarines Sur Provincial Board'}","{'Total': 5497.032, 'Rank': 16}","{'Body': 'Mount Isarog', 'Peak': 2011.7}","{'Total': 2068244, 'Density': 380970.0}","{'Independent cities': 1, 'Component cities': 1, 'Municipalities': 35, 'Barangays': 10361063, 'Districts': 'Legislative districts of Camarines Sur'}",UTC+8,+63 (0)54,PH-CAS,camarinessur.gov.ph,/wiki/Camarines_Sur,501700000,p:501700000
20,20,PH-CAM,Camiguin,Mambajao,0.09,92808,Mindanao,X,5,,58,237.95,91.87,390.0,1010.0,"('18', 'Jun', '1966')",18.0,Jun,1966,/wiki/Camiguin,"{'Latitude': '9°10′N', 'Longitude': '124°43′E'}",Northern Mindanao,1565,Mambajao,,"{'Governor': {'Name': 'Xavier Jesus D. Romualdo ', 'Party': 'PDP-Laban'}, 'Vice Governor': {'Name': 'Rodin M. Romualdo ', 'Party': 'PDP-Laban'}, 'Legislature': 'Camiguin Provincial Board'}","{'Total': 241.442, 'Rank': 80}","{'Body': 'Mount Timpoong', 'Peak': 1630.0}",{},"{'Independent cities': 0, 'Component cities': 0, 'Municipalities': 5, 'Barangays': 58, 'Districts': 'Legislative districts of Camiguin'}",UTC+8,+63 (0)88,PH-CAM,www.camiguin.gov.ph,/wiki/Camiguin,1001800000,p:1001800000
21,21,PH-CAP,Capiz,Roxas,0.74,804952,Visayas,VI,16,1.0,473,2594.64,1001.8,310.0,804.0,"('10', 'Mar', '1917')",10.0,Mar,1917,/wiki/Capiz,"{'Latitude': '11°23′N', 'Longitude': '122°38′E'}",Western Visayas,"April 15, 1901",Roxas,,"{'Governor': {'Name': 'Fredenil H. Castro ', 'Party': 'Lakas-CMD'}, 'Vice Governor': {'Name': 'James ""Mitang"" O. Magbanua ', 'Party': 'Lakas-CMD'}, 'Legislature': 'Capiz Provincial Board'}","{'Total': 2594.642, 'Rank': None}","{'Body': 'Mount Nangtud', 'Peak': 2074.0}",{},"{'Independent cities': 0, 'Component cities': 1, 'Municipalities': 16, 'Barangays': 473, 'Districts': 'Legislative districts of Capiz'}",UTC+8,+63 (0)36,PH-CAP,capiz.gov.ph,/wiki/Capiz,601900000,p:601900000
22,22,PH-CAT,Catanduanes,Virac,0.25,271879,Luzon,V,11,,315,1492.16,576.13,182.0,472.0,"('26', 'Sep', '1945')",26.0,Sep,1945,/wiki/Catanduanes,"{'Latitude': '13°50′N', 'Longitude': '124°15′E'}",Bicol Region,"September 26, 1945",Virac,,"{'Type': 'Sangguniang Panlalawigan', 'Governor': {'Name': 'Joseph C. Cua ', 'Party': 'NPC'}, 'Vice Governor': {'Name': 'Peter C. Cua ', 'Party': 'PDP–Laban'}, 'Representative': {'Name': 'Eulogio R. Rodriguez ', 'Party': 'Independent'}, 'Legislature': 'Catanduanes Provincial Board'}","{'Total': 1492.162, 'Rank': 70}","{'Body': 'Mount Tamboo', 'Peak': 695.0}",{},"{'Independent cities': 0, 'Component cities': 0, 'Municipalities': 11, 'Barangays': 315, 'Districts': 'Legislative district of Catanduanes'}",UTC+8,+63 (0)52,PH-CAT,catanduanes.gov.ph,/wiki/Catanduanes,502000000,p:502000000
23,23,PH-CAV,Cavite,Imus,3.98,4344829,Luzon,IV-A,15,8.0,803,1574.17,607.79,2760.0,7149.0,"('10', 'Mar', '1614')",10.0,Mar,1614,/wiki/Cavite,"{'Latitude': '14°16′N', 'Longitude': '120°52′E'}",Calabarzon,,Imus,Dasmariñas,"{'Type': 'Sangguniang Panlalawigan', 'Governor': {'Name': 'Jonvic Remulla ', 'Party': 'NUP'}, 'Vice Governor': {'Name': 'Athena Bryana Tolentino ', 'Party': 'NUP'}, 'Legislature': 'Cavite Provincial Board'}","{'Total': 1574.172, 'Land': <td class=""infobox-data"">1,426.06 km<sup>2</sup> (550.60 sq mi)</td>, 'Rank': 67}","{'Body': 'Mount Sungay', 'Peak': 709.0}",{},"{'Independent cities': 0, 'Component cities': 8, 'Municipalities': 15, 'Barangays': 803, 'Districts': 'Legislative districts of Cavite'}",UTC+8,+63 (0)46+63 (0)2 (Bacoor),PH-CAV,www.cavite.gov.ph,/wiki/Cavite,402100000,p:402100000
24,24,PH-CEB,Cebu,Cebu City,4.72,5151274,Visayas,VII,44,9.0,1203,5342.0,2062.56,964.0,2498.0,"('27', 'Apr', '1565')",27.0,Apr,1565,/wiki/Cebu,"{'Latitude': '10°19′N', 'Longitude': '123°45′E'}",Central Visayas,6 August 1569,Cebu City,,"{'Type': 'Sangguniang Panlalawigan', 'Governor': {'Name': 'Gwendolyn F. Garcia ', 'Party': '1Cebu'}, 'Vice Governor': {'Name': 'Hilario R. Davide III ', 'Party': 'LP'}, 'Legislature': 'Cebu Provincial Board \nMembers\n1st ProvDistYolanda DaanRaul Bacaltos2nd ProvDistEdsel GaleosJose Mari Salvador3rd ProvDistVictoria CorominasJohn Ismael Borgonia4th ProvDistKerrie Keane ShimuraHoracio Franco5th ProvDistMiguel MagpaleAndrei Duterte6th ProvDistGlenn SocoThadeo Ouano7th ProvDistJerome LibrandoChristopher Baricuatro\n'}","{'Total(province)': <td class=""infobox-data"">4,943.72 km<sup>2</sup> (1,908.78 sq mi)</td>, 'Rank': 20, '': <td class=""infobox-data"">excludes independent cities</td>}","{'Body': 'Osmeña Peak', 'Peak': 1072.0}","{'Total(province)': <td class=""infobox-data"">3,325,385</td>, 'Density': 6701700.0, 'Voter\u2009(2019)[4]\u2009': <td class=""infobox-data"">3,082,621</td>, 'Language': <td class=""infobox-data"">Cebuano<br/> Forohanon<br/> Bantayanon</td>}",{},UTC+8,+63 (0)32,PH-CEB,www.cebu.gov.ph,/wiki/Cebu,702200000,p:702200000
25,25,PH-NCO,Cotabato,Kidapawan,1.17,1275185,Mindanao,XII,17,1.0,543,9008.9,3478.36,142.0,367.0,"('1', 'Sep', '1914')",1.0,Sep,1914,/wiki/Cotabato,"{'Latitude': '7°12′N', 'Longitude': '124°51′E'}",Soccsksargen*,,Kidapawan,,"{'Governor': {'Name': 'Emmylou Taliño-Mendoza ', 'Party': 'NP'}, 'Vice Governor': {'Name': 'Efren F. Piñol ', 'Party': 'PDP–Laban'}, 'Legislature': 'Cotabato Provincial Board'}","{'Total': 9008.902, 'Rank': 6}","{'Body': 'Mount Apo', 'Peak': 2954.0}",{},"{'Independent cities': 0, 'Component cities': 1, 'Municipalities': 25, 'Barangays': 606, 'Districts': 'Legislative districts of Cotabato'}",UTC+8,+63 (0)64,PH-NCO,cotabatoprov.gov.ph,/wiki/Cotabato,1204700000,p:1204700000
26,26,PH-COM,Davao de Oro,Nabunturan,0.7,767547,Mindanao,XI,11,,237,4479.77,1729.65,171.0,444.0,"('31', 'Jan', '1998')",31.0,Jan,1998,/wiki/Davao_de_Oro,"{'Latitude': '7°36′N', 'Longitude': '125°57′E'}",Davao Region,8 March 1998,Nabunturan,,"{'Governor': {'Name': 'Dorothy Montejo Gonzaga  ', 'Party': 'PFP'}, 'Vice Governor': {'Name': 'Jayvee Tyron L. Uy ', 'Party': 'Lakas'}, 'Legislature': 'Davao de Oro Provincial Board'}","{'Total': 4560.092, 'Rank': 26}","{'Body': 'Mt.Pandadagsaan', 'Peak': 2670.0}",{},"{'Independent cities': 0, 'Component cities': 0, 'Municipalities': 11, 'Barangays': 237, 'Districts': 'Legislative districts of Davao de Oro'}",UTC+8,+63 (0)87,PH-COM,www.davaodeoro.gov.ph,/wiki/Davao_de_Oro,1108200000,p:1108200000
27,27,PH-DAV,Davao del Norte,Tagum,1.03,1125057,Mindanao,XI,8,3.0,223,3426.97,1323.16,328.0,850.0,"('8', 'May', '1967')",8.0,May,1967,/wiki/Davao_del_Norte,"{'Latitude': '7°21′N', 'Longitude': '125°42′E'}",Davao Region,"May 8, 1967",Tagum,,"{'Governor': {'Name': 'Edwin I. Jubahib ', 'Party': 'PFP'}, 'Vice Governor': {'Name': 'De Carlo L. Uy[a] ', 'Party': 'Independent'}, 'Legislature': 'Davao del Norte Provincial Board'}","{'Total': 3422.612, 'Rank': 39}","{'Body': 'Mount Masimalon', 'Peak': 1115.0}",{},"{'Independent cities': 0, 'Component cities': 3, 'Municipalities': 8, 'Barangays': 223, 'Districts': 'Legislative districts of Davao del Norte'}",UTC+8,+63 (0)84,PH-DAV,www.davaodelnorte.gov.ph,/wiki/Davao_del_Norte,1102300000,p:1102300000
28,28,PH-DAS,Davao del Sur,Digos,2.25,2457430,Mindanao,XI,9,2.0,414,4607.59,1779.0,533.0,1381.0,"('1', 'Sep', '1904')",1.0,Sep,1904,/wiki/Davao_del_Sur,"{'Latitude': '6°20′N', 'Longitude': '125°30′E'}",Davao Region,"May 8, 1967",Digos,Davao City,"{'Governor': {'Name': 'Yvonne Roña-Cagas ', 'Party': 'NP'}, 'Vice Governor': {'Name': 'Riafe Cagas-Fernandez ', 'Party': 'NP'}, 'Representative': {'Name': 'John Tracy F. Cagas ', 'Party': 'NP'}}","{'Total': 2163.982, 'Rank': 56, '': <td class=""infobox-data"">(excluding Davao City)</td>}","{'Body': 'Mount Apo', 'Peak': 2954.0}","{'Total': 680481, 'Density': 310810.0}","{'Independent cities': 1, 'Component cities': 1, 'Municipalities': 9, 'Barangays': 232414, 'Districts': 'Legislative districts of Davao del Sur'}",UTC+8,+63 (0)82,PH-DAS,davaodelsur.gov.ph,/wiki/Davao_del_Sur,1102400000,p:1102400000
29,29,PH-DVO,Davao Occidental,Malita,0.29,317159,Mindanao,XI,5,,105,2163.45,835.31,147.0,380.0,"('28', 'Oct', '2013')",28.0,Oct,2013,/wiki/Davao_Occidental,"{'Latitude': '6°05′N', 'Longitude': '125°40′E'}",Davao Region,28 October 2013,Malita,,"{'Governor': {'Name': 'Franklin P. Bautista ', 'Party': 'Lakas'}, 'Vice Governor': {'Name': 'Lorna P. Bautista-Bandigan ', 'Party': 'HNP'}, 'Congressman': {'Name': 'Claude P. Bautista ', 'Party': 'Lakas'}}","{'Total': 2163.452, 'Rank': 57}","{'Body': 'Mount Latian', 'Peak': 1624.0}",{},"{'Independent cities': 0, 'Component cities': 0, 'Municipalities': 5, 'Barangays': 105, 'Districts': 'Legislative district of Davao Occidental'}",UTC+8,,,davaooccidental.gov.ph ,/wiki/Davao_Occidental,1108600000,p:1108600000
30,30,PH-DAO,Davao Oriental,Mati,0.53,576343,Mindanao,XI,10,1.0,183,5679.64,2192.92,101.0,263.0,"('8', 'May', '1967')",8.0,May,1967,/wiki/Davao_Oriental,"{'Latitude': '7°10′N', 'Longitude': '126°20′E'}",Davao Region,"May 8, 1967",Mati,,"{'Governor': {'Name': 'Niño Sotero L. Uy Jr. ', 'Party': 'Nacionalista Party'}, 'Vice Governor': {'Name': 'Nelson L. Dayanghirang Jr. ', 'Party': 'Nacionalista Party'}, 'Legislature': 'Davao Oriental Provincial Board'}","{'Total': 5679.642, 'Rank': 14}","{'Body': 'Mount Mayo', 'Peak': 1728.0}",{},"{'Independent cities': 0, 'Component cities': 1, 'Municipalities': 10, 'Barangays': 183, 'Districts': 'Legislative districts of Davao Oriental'}",UTC+8,+63 (0)87,PH-DAO,www.davaooriental.gov.ph ,/wiki/Davao_Oriental,1102500000,p:1102500000
31,31,PH-DIN,Dinagat Islands,San Jose,0.12,128117,Mindanao,XIII,7,,100,1036.34,400.13,124.0,320.0,"('2', 'Dec', '2006')",2.0,Dec,2006,/wiki/Dinagat_Islands,"{'Latitude': '10°06′N', 'Longitude': '125°36′E'}",Caraga,2 December 2006,San Jose,,"{'Governor': {'Name': 'Nilo Demerey Jr. ', 'Party': 'PFP'}, 'Vice Governor': {'Name': 'Benglen Ecleo ', 'Party': 'PFP'}, 'Legislature': 'Dinagat Islands Provincial Board'}","{'Total': 1036.342, 'Rank': 75}","{'Body': 'Mount Redondo', 'Peak': 939.0}",{},"{'Independent cities': 0, 'Component cities': 0, 'Municipalities': 7, 'Barangays': 100, 'Districts': 'Legislative district of Dinagat Islands'}",UTC+8,+63 (0)86,PH-DIN,dinagatislands.gov.ph ,/wiki/Dinagat_Islands,1608500000,p:1608500000
32,32,PH-EAS,Eastern Samar,Borongan,0.44,477168,Visayas,VIII,22,1.0,597,4660.47,1799.42,102.0,265.0,"('19', 'Jun', '1965')",19.0,Jun,1965,/wiki/Eastern_Samar,"{'Latitude': '11°40′N', 'Longitude': '125°25′E'}",Eastern Visayas,"June 19, 1965",Borongan,,"{'Governor': {'Name': 'Ben P. Evardone ', 'Party': 'PDP–Laban'}, 'Vice Governor': {'Name': 'Maria Caridad S. Goteesan ', 'Party': 'PDP–Laban'}, 'Legislature': 'Eastern Samar Provincial Board'}","{'Total': 4660.472, 'Rank': 24}","{'Body': 'Mount Mactaon', 'Peak': 673.0}",{},{},UTC+8,+63 (0)55,PH-EAS,www.easternsamar.gov.ph ,/wiki/Eastern_Samar,802600000,p:802600000
33,33,PH-GUI,Guimaras,Jordan,0.17,187842,Visayas,VI,5,,98,604.57,233.43,311.0,805.0,"('22', 'May', '1992')",22.0,May,1992,/wiki/Guimaras,"{'Latitude': '10°34′N', 'Longitude': '122°35′E'}",Western Visayas,"May 22, 1992",Jordan,,"{'Type': 'Sangguniang Panlalawigan', 'Governor': {'Name': 'Joaquin Carlos Rahman A. Nava ', 'Party': 'NUP'}, 'Vice Governor': {'Name': 'John Edward G. Gando ', 'Party': 'PDP-Laban'}, 'Representative': {'Name': 'Maria Lucille L. Nava ', 'Party': 'LP'}, 'Legislature': 'Guimaras Provincial Board'}","{'Total': 604.572, 'Rank': 77}","{'Body': 'Mount Bontoc', 'Peak': 272.0}",{},"{'Independent cities': 0, 'Component cities': 0, 'Municipalities': 5, 'Barangays': 98, 'Districts': 'Legislative district of Guimaras'}",UTC+8,+63 (0)33,PH-GUI,guimaras.gov.ph,/wiki/Guimaras,607900000,p:607900000
34,34,PH-IFU,Ifugao,Lagawe,0.19,207498,Luzon,CAR,11,,176,2628.21,1014.76,79.0,204.0,"('18', 'Jun', '1966')",18.0,Jun,1966,/wiki/Ifugao,"{'Latitude': '16°50′N', 'Longitude': '121°10′E'}",Cordillera Administrative Region,"June 18, 1966",Lagawe,,"{'Governor': {'Name': 'Jerry U. Dalipog ', 'Party': 'KBL'}, 'Vice Governor': {'Name': 'Glenn D. Prudenciano ', 'Party': 'LP'}, 'Legislature': 'Ifugao Provincial Board'}","{'Total': 2628.212, 'Rank': 50}","{'Body': 'Mount Pulag', 'Peak': 2928.0}",{},"{'Independent cities': 0, 'Component cities': 0, 'Municipalities': 11, 'Barangays': 176, 'Districts': 'Legislative district of Ifugao'}",UTC+8,+63 (0)74,PH-IFU,,/wiki/Ifugao,1402700000,p:1402700000
35,35,PH-ILN,Ilocos Norte,Laoag,0.56,609588,Luzon,I,21,2.0,559,3467.89,1338.96,176.0,455.0,"('2', 'Feb', '1792')",2.0,Feb,1792,/wiki/Ilocos_Norte,"{'Latitude': '18°10′N', 'Longitude': '120°45′E'}",Ilocos Region,"February 2, 1818",Laoag,,"{'Governor': {'Name': 'Matthew Manotoc ', 'Party': 'NP'}, 'Vice Governor': {'Name': 'Cecilia Araneta ', 'Party': 'NP'}, 'Legislature': 'Ilocos Norte Provincial Board'}","{'Total': 3467.892, 'Rank': 38}","{'Body': 'Mount Sicapoo', 'Peak': 2361.0}",{},"{'Independent cities': 0, 'Component cities': 2, 'Municipalities': 21, 'Barangays': 559, 'Districts': 'Legislative districts of Ilocos Norte'}",UTC+8,+63 (0)77,PH-ILN,www.ilocosnorte.gov.ph ,/wiki/Ilocos_Norte,102800000,p:102800000
36,36,PH-ILS,Ilocos Sur,Vigan,0.65,706009,Luzon,I,32,2.0,768,2596.0,1002.32,272.0,704.0,"(None, None, '1572')",,,1572,/wiki/Ilocos_Sur,"{'Latitude': '17°20′N', 'Longitude': '120°35′E'}",Ilocos Region,"June 13, 1572",Vigan,Candon,"{'Governor': {'Name': 'Jeremias C. Singson ', 'Party': 'NPC/Bileg'}, 'Vice Governor': {'Name': 'Ryan Luis V. Singson ', 'Party': 'Lakas/Bileg'}, 'Legislature': 'Ilocos Sur Provincial Board'}","{'Total': 2596.002, 'Rank': None}","{'Body': 'Mount Camingingel', 'Peak': 2371.0}",{},"{'Independent cities': 0, 'Component cities': 2, 'Municipalities': 32, 'Barangays': 768, 'Districts': 'Legislative districts of Ilocos Sur'}",UTC+8,PH-ILS,,mis.ilocossur.gov.ph ,/wiki/Ilocos_Sur,102900000,p:102900000
37,37,PH-ILI,Iloilo,Iloilo City,2.3,2509525,Visayas,VI,42,2.0,1901,5079.17,1961.08,494.0,1280.0,"(None, None, '1566')",,,1566,/wiki/Iloilo,"{'Latitude': '11°00′N', 'Longitude': '122°40′E'}",Western Visayas,1566,Iloilo City,,"{'Type': 'Sangguniang Panlalawigan', 'Governor': {'Name': 'Arthur R. Defensor Jr. ', 'Party': 'PFP'}, 'Vice Governor': {'Name': 'Christine S. Garin ', 'Party': 'NP'}, 'Legislature': 'Iloilo Provincial Board'}","{'Total': 5000.832, 'Rank': 19, '': <td class=""infobox-data"">(excluding Iloilo City)</td>}","{'Body': 'Mount Baloy', 'Peak': 1958.0}","{'Total': 2051899, 'Density': 4101100.0}","{'Independent cities': 1, 'Component cities': 1, 'Municipalities': 42, 'Barangays': 17211901, 'Districts': 'Legislative districts of Iloilo'}",UTC+8,+63 (0)33,PH-ILI,iloilo.gov.ph,/wiki/Iloilo,603000000,p:603000000
38,38,PH-ISA,Isabela,Ilagan,1.56,1697050,Luzon,II,34,3.0,1055,12414.93,4793.43,137.0,354.0,"('1', 'May', '1856')",1.0,May,1856,/wiki/Isabela_(province),"{'Latitude': '17°N', 'Longitude': '122°E'}",Cagayan Valley,"May 1, 1856",Ilagan,,"{'Type': 'Sangguniang Panlalawigan', 'Governor': {'Name': 'Rodolfo T. Albano III ', 'Party': 'PDP–Laban'}, 'Vice Governor': {'Name': 'Faustino Dy III', 'Party': 'NPC'}, 'Legislature': 'Isabela Provincial Board'}","{'Total': 13102.052, 'Rank': None, '': <td class=""infobox-data"">(includes <a href=""/wiki/Santiago,_Isabela"" title=""Santiago, Isabela"">Santiago</a>)</td>}","{'Body': 'Mount Dos Cuernos', 'Peak': 1736.0}","{'Total': 1697050, 'Density': 130340.0}","{'Independent cities': 1, 'Component cities': 2, 'Municipalities': 34, 'Barangays': 10181055, 'Districts': 'Legislative districts of Isabela'}",UTC+8,+63 (0)78,PH-ISA,provinceofisabela.ph,/wiki/Isabela_(province),203100000,p:203100000
39,39,PH-KAL,Kalinga,Tabuk,0.21,229570,Luzon,CAR,7,1.0,153,3231.25,1247.59,71.0,184.0,"('18', 'Jun', '1966')",18.0,Jun,1966,/wiki/Kalinga_(province),"{'Latitude': '17°45′N', 'Longitude': '121°15′E'}",Cordillera Administrative Region,"May 8, 1995",Tabuk,,"{'Governor': {'Name': 'James S. Edduba ', 'Party': 'Lakas'}, 'Vice Governor': {'Name': 'Jocel C. Baac ', 'Party': 'Aksyon'}, 'Legislature': 'Kalinga Provincial Board'}","{'Total': 3231.252, 'Rank': None}","{'Body': 'Mount Alchan', 'Peak': 2617.0}",{},"{'Independent cities': 0, 'Component cities': 1, 'Municipalities': 7, 'Barangays': 153, 'Districts': 'Legislative district of Kalinga'}",UTC+8,+63 (0)74,PH-KAL,www.kalinga.gov.ph,/wiki/Kalinga_(province),1403200000,p:1403200000
40,40,PH-LUN,La Union,San Fernando,0.75,822352,Luzon,I,19,1.0,576,1497.7,578.27,549.0,1422.0,"('2', 'Mar', '1850')",2.0,Mar,1850,/wiki/La_Union,"{'Latitude': '16°30′N', 'Longitude': '120°25′E'}",Ilocos Region,"March 2, 1850",San Fernando,,"{'Governor': 'Raphaelle Veronica A. Ortega-David', 'Vice Governor': {'Name': 'Mario Eduardo C. Ortega ', 'Party': 'NUP'}, 'Legislature': 'La Union Provincial Board'}","{'Total': 1497.702, 'Rank': 69}","{'Body': 'Mount Talalang', 'Peak': 1520.0}",{},"{'Independent cities': 0, 'Component cities': 1, 'Municipalities': 19, 'Barangays': 576, 'Districts': 'Legislative districts of La Union'}",UTC+8,+63 (0)72,PH-LUN,www.launion.gov.ph ,/wiki/La_Union,103300000,p:103300000
41,41,PH-LAG,Laguna,Santa Cruz,3.1,3382193,Luzon,IV-A,24,6.0,674,1917.85,740.49,1764.0,4568.0,"('28', 'Jul', '1571')",28.0,Jul,1571,/wiki/Laguna_(province),"{'Latitude': '14°10′N', 'Longitude': '121°20′E'}",Calabarzon,"July 28, 1571",Santa Cruz,San Pablo,"{'Governor': {'Name': 'Ramil Hernandez ', 'Party': 'Lakas–CMD'}, 'Vice Governor': {'Name': 'Katherine Agapay ', 'Party': 'PFP'}, 'Legislature': 'Laguna Provincial Board'}","{'Total': 1917.852, 'Rank': None}","{'Body': 'Mount Banahaw', 'Peak': 2170.0}",{},"{'Independent cities': 0, 'Component cities': 6, 'Municipalities': 24, 'Barangays': 681, 'Districts': 'Legislative districts of Laguna'}",UTC+8,+63 (0)49,PH-LAG,www.laguna.gov.ph ,/wiki/Laguna_(province),403400000,p:403400000
42,42,PH-LAN,Lanao del Norte,Tubod,1.0,1086017,Mindanao,X,22,1.0,506,4159.94,1606.16,261.0,676.0,"('4', 'Jul', '1959')",4.0,Jul,1959,/wiki/Lanao_del_Norte,"{'Latitude': '8°02′N', 'Longitude': '124°00′E'}",Northern Mindanao,"May 22, 1959",Tubod,Iligan,"{'Governor': {'Name': 'Imelda Dimaporo ', 'Party': 'PFP'}, 'Vice Governor': {'Name': 'Allan Lim ', 'Party': 'PDP–Laban'}, 'Legislature': 'Lanao del Norte Provincial Board'}","{'Total': 3354.162, 'Rank': 40, '': <td class=""infobox-data"">(excluding Iligan which is the First district)</td>}","{'Body': 'Mount Inayawan', 'Peak': 1535.0}","{'Total': 722902, 'Density': 220560.0}","{'Independent cities': <td class=""infobox-data""><div class=""collapsible-list mw-collapsible mw-collapsed"" style=""text-align: left;"">
<div style=""line-height: 1.6em; font-weight: bold; font-weight:normal;text-align:left;background-color:WhiteSmoke;""><div>1</div></div>
<ul class=""mw-collapsible-content"" style=""margin-top: 0; margin-bottom: 0; line-height: inherit; list-style: none; margin-left: 0;""><li style=""line-height: inherit; margin: 0""> <a href=""/wiki/Iligan"" title=""Iligan"">Iligan</a><br/>(<span style=""font-size:85%;"">Highly urbanized city)</span>
</li></ul>
</div></td>, 'Component cities': 0, 'Municipalities': 22, 'Barangays': 462506, 'Districts': 'Legislative districts of Lanao del Norte'}",UTC+8,+63 (0)63,PH-LAN,www.lanaodelnorte.gov.ph,/wiki/Lanao_del_Norte,1003500000,p:1003500000
43,43,PH-LAS,Lanao del Sur,Marawi,1.1,1195518,Mindanao,BARMM,39,1.0,1159,3872.89,1495.33,309.0,800.0,"('1', 'Sep', '1914')",1.0,Sep,1914,/wiki/Lanao_del_Sur,"{'Latitude': '8°00′N', 'Longitude': '124°17′E'}", Bangsamoro,"May 22, 1959",Marawi,,"{'Governor': 'Mamintal Alonto Adiong Jr.', 'Vice Governor': {'Name': 'Mohammad Khalid R. Adiong ', 'Party': 'Lakas–CMD'}, 'Legislature': 'Lanao del Sur Provincial Board'}","{'Total': 3872.892, 'Rank': None}","{'Body': 'Mount Ragang', 'Peak': 2815.0}",{},{},UTC+8,+63 (0)63,PH-LAS,,/wiki/Lanao_del_Sur,1903600000,p:1903600000
44,44,PH-LEY,Leyte,Tacloban,1.86,2028728,Visayas,VIII,40,3.0,1641,6515.05,2515.47,311.0,806.0,"('5', 'Apr', '1712')",5.0,Apr,1712,/wiki/Leyte_(province),"{'Latitude': '11°00′N', 'Longitude': '124°51′E'}",Eastern Visayas,1735,Tacloban,,"{'Governor': {'Name': 'Carlos Jericho L. Petilla ', 'Party': 'PDP–Laban'}, 'Vice Governor': {'Name': 'Leonardo M. Javier Jr.  ', 'Party': 'PDP–Laban'}, 'Legislature': 'Leyte Provincial Board'}","{'Total': 6313.332, 'Rank': 13, '': <td class=""infobox-data"">(excludes Tacloban City)</td>}","{'Body': 'Alto Peak', 'Peak': 1332.0}","{'Total': 1776847, 'Density': 280730.0}",{},UTC+8,+63 (0)53,PH-LEY,http://leyteprovince.gov.ph/,/wiki/Leyte_(province),803700000,p:803700000
45,45,PH-MDN,Maguindanao del Norte,Datu Odin Sinsuat,0.85,926037,Mindanao,BARMM,12,1.0,189,4752.47,1834.94,232.0,601.0,"('17', 'Sep', '2022')",17.0,Sep,2022,/wiki/Maguindanao_del_Norte,"{'Latitude': '07°08′N', 'Longitude': '124°16′E'}", Bangsamoro,,Datu Odin Sinsuat,Cotabato City,"{'Governor': 'DisputedAbdulraof A. Macacua[a]Ainee Sinsuat[b]', 'Vice Governor': 'Vacant[c] or Sharifudin Tucao Mastura[d]', 'Representative': 'Sittie Shahara I. Mastura'}",{'Total': 3988.822},"{'Body': None, 'Peak': None}",{},"{'Independent cities': 1, 'Component cities': 0, 'Municipalities': 12, 'Districts': 'Legislative districts of Maguindanao del Norte'}",UTC+8,,,,/wiki/Maguindanao_del_Norte,1908700000,p:1908700000
46,46,PH-MDS,Maguindanao del Sur,Buluan,0.68,741221,Mindanao,BARMM,24,,167,4973.48,1920.27,149.0,386.0,"('4', 'Nov', '1802')",4.0,Nov,1802,/wiki/Maguindanao_del_Sur,"{'Latitude': '06°55′N', 'Longitude': '124°34′E'}", Bangsamoro,,Buluan,,"{'Governor': 'Bai Mariam Sangki-Mangudadatu', 'Vice Governor': 'Datu Nathaniel S. Midtimbang', 'Representative': 'Mohamad P. Paglas Sr.'}",{'Total': 4973.482},"{'Body': None, 'Peak': None}",{},"{'Independent cities': 0, 'Component cities': 0, 'Municipalities': 24, 'Districts': 'Legislative districts of Maguindanao del Sur'}",UTC+8,,,,/wiki/Maguindanao_del_Sur,1908800000,p:1908800000
47,47,PH-MAD,Marinduque,Boac,0.22,239207,Luzon,Mimaropa,6,,218,952.58,367.79,251.0,650.0,"('21', 'Feb', '1920')",21.0,Feb,1920,/wiki/Marinduque,"{'Latitude': '13°24′N', 'Longitude': '121°58′E'}",Mimaropa,"May 1, 1901",Boac,,"{'Governor': {'Name': 'Presbitero J. Velasco Jr. ', 'Party': 'PFP'}, 'Vice Governor': {'Name': 'Adeline Marciano-Angeles ', 'Party': 'PFP'}, 'Legislature': 'Marinduque Provincial Board'}","{'Total': 952.582, 'Rank': 76}","{'Body': 'Mount Malindig', 'Peak': 1157.0}",{},"{'Independent cities': 0, 'Component cities': 0, 'Municipalities': 6, 'Barangays': 218, 'Districts': 'Legislative district of Marinduque'}",UTC+8,+63 (0)42,PH-MAD,www.marinduque.gov.ph,/wiki/Marinduque,1704000000,p:1704000000
48,48,PH-MAS,Masbate,Masbate City,0.83,908920,Luzon,V,20,1.0,550,4151.78,1603.01,219.0,567.0,"('18', 'Mar', '1901')",18.0,Mar,1901,/wiki/Masbate,"{'Latitude': '12°16′N', 'Longitude': '123°35′E'}",Bicol Region,"March 18, 1901",Masbate City,,"{'Governor': {'Name': 'Antonio T. Kho ', 'Party': 'PDP-Laban'}, 'Vice Governor': {'Name': 'Elisa T. Kho ', 'Party': 'PDP-Laban'}}","{'Total': 4151.782, 'Rank': 30}","{'Body': 'Conical Peak', 'Peak': 699.0}",{},"{'Independent cities': 0, 'Component cities': 1, 'Municipalities': 20, 'Barangays': 550, 'Districts': 'Legislative districts of Masbate'}",UTC+8,+63 (0)56,PH-MAS,masbate.gov.ph,/wiki/Masbate,504100000,p:504100000
49,49,PH-MSC,Misamis Occidental,Oroquieta,0.57,617333,Mindanao,X,14,3.0,490,2055.22,793.52,300.0,778.0,"('8', 'Nov', '1929')",8.0,Nov,1929,/wiki/Misamis_Occidental,"{'Latitude': '8°20′N', 'Longitude': '123°42′E'}",Northern Mindanao,"November 2, 1929",Oroquieta,Ozamiz City,"{'Type': 'Sangguniang Panlalawigan', 'Governor': {'Name': 'Atty. Henry S. Oaminal Sr. ', 'Party': 'NP'}, 'Vice Governor': {'Name': 'Rowena L. Gutierrez ', 'Party': 'PDPLBN'}, 'Legislature': 'Misamis Occidental Provincial Board'}","{'Total': 2006.632, 'Rank': 60}","{'Body': 'Mount Malindang', 'Peak': 2404.0}",{},"{'Independent cities': <td class=""infobox-data"">0</td>, 'Component cities': 3, 'Municipalities': 14, 'Barangays': 490, 'Districts': 'Legislative districts of Misamis Occidental'}",UTC+8,+63 (0)88,PH-MSC,misocc.gov.ph,/wiki/Misamis_Occidental,1004200000,p:1004200000
50,50,PH-MSR,Misamis Oriental,Cagayan de Oro,1.55,1685302,Mindanao,X,23,3.0,504,3544.32,1368.47,475.0,1232.0,"('15', 'May', '1901')",15.0,May,1901,/wiki/Misamis_Oriental,"{'Latitude': '8°45′N', 'Longitude': '125°00′E'}",Northern Mindanao,1939,Cagayan de Oro,,"{'Type': 'Sangguniang Panlalawigan', 'Governor': {'Name': 'Peter M. Unabia ', 'Party': 'Lakas'}, 'Vice Governor': {'Name': 'Jeremy Jonahmar G. Pelaez ', 'Party': 'Padayon Pilipino'}, 'Legislature': 'Misamis Oriental Provincial Board'}","{'Total': 3131.522, 'Rank': None, '': <td class=""infobox-data"">(excluding Cagayan de Oro)</td>}","{'Body': 'Mount Balatukan', 'Peak': 2560.0}","{'Total': 956900, 'Density': 310790.0}","{'Independent cities': 1, 'Component cities': 2, 'Municipalities': 23, 'Barangays': 424504, 'Districts': 'Legislative districts of Misamis Oriental'}",UTC+8,+63 (0)88,PH-MSR,www.misamisoriental.gov.ph,/wiki/Misamis_Oriental,1004300000,p:1004300000
51,51,PH-MOU,Mountain Province,Bontoc,0.15,158200,Luzon,CAR,10,,144,2157.38,832.97,73.0,190.0,"(None, None, '1846')",,,1846,/wiki/Mountain_Province,"{'Latitude': '17°05′N', 'Longitude': '121°10′E'}",Cordillera Administrative Region,1908,Bontoc,,"{'Type': 'Sangguniang Panlalawigan', 'Governor': {'Name': 'Bonifacio C. Lacwasan Jr. ', 'Party': 'PDP-Laban'}, 'Vice Governor': {'Name': 'Francis O. Taulif ', 'Party': 'PDP-Laban'}, 'Representative': {'Name': 'Maximo Y. Dalug Jr. ', 'Party': 'NP'}, 'Legislature': 'Mountain Province Provincial Board'}","{'Total': 2157.382, 'Rank': 58}","{'Body': 'Mount Amuyao', 'Peak': 2702.0}",{},"{'Independent cities': 0, 'Component cities': 0, 'Municipalities': 10, 'Barangays': 144, 'Districts': 'Legislative district of Mountain Province'}",UTC+8,+63 (0)74,PH-MOU,mountainprovince.gov.ph,/wiki/Mountain_Province,1404400000,p:1404400000
52,52,PH-NEC,Negros Occidental,Bacolod,2.96,3223955,Visayas,NIR,19,13.0,662,7965.21,3075.38,405.0,1048.0,"('15', 'Jul', '1416')",15.0,Jul,1416,/wiki/Negros_Occidental,"{'Latitude': '10°25′N', 'Longitude': '123°00′E'}",Negros Island Region,"January 1, 1890",Bacolod,,"{'Type': 'Sangguniang Panlalawigan', 'Governor': {'Name': 'Eugenio Jose V. Lacson ', 'Party': 'NPC'}, 'Vice Governor': {'Name': 'Jeffrey P. Ferrer ', 'Party': 'NUP'}, 'Legislature': 'Negros Occidental Provincial Board'}","{'Total': 7802.542, 'Rank': 8, '': <td class=""infobox-data"">(excluding Bacolod)</td>}","{'Body': 'Mount Kanlaon', 'Peak': 2465.0}","{'Total': 2623172, 'Density': 340870.0}",{},UTC+8,+63 (0)34,PH-NEC,www.negros-occ.gov.ph,/wiki/Negros_Occidental,604500000,p:604500000
53,53,PH-NER,Negros Oriental,Dumaguete,1.31,1432990,Visayas,NIR,20,6.0,557,5385.53,2079.36,266.0,689.0,"('1', 'Jan', '1890')",1.0,Jan,1890,/wiki/Negros_Oriental,"{'Latitude': '10°03′N', 'Longitude': '123°07′E'}",Negros Island Region,"January 1, 1890",Dumaguete,,"{'Type': 'Sangguniang Panlalawigan', 'Governor': {'Name': 'Manuel ""Chaco"" L. Sagarbarria ', 'Party': 'PFP'}, 'Vice Governor': {'Name': 'Jaime L. Reyes ', 'Party': 'LP'}, 'Legislature': 'Negros Oriental Provincial Board'}","{'Total': 5385.532, 'Rank': 17}","{'Body': 'Mount Kanlaon', 'Peak': 2465.0}",{},"{'Independent cities': <td class=""infobox-data"">0</td>, 'Component cities': 6, 'Municipalities': 19, 'Barangays': 557, 'Districts': 'Legislative districts of Negros Oriental'}",UTC+8,+63 (0)35,PH-NER,www.negor.gov.ph,/wiki/Negros_Oriental,704600000,p:704600000
54,54,PH-NSA,Northern Samar,Catarman,0.59,639186,Visayas,VIII,24,,569,3692.93,1425.85,173.0,448.0,"('19', 'Jun', '1965')",19.0,Jun,1965,/wiki/Northern_Samar,"{'Latitude': '12°20′N', 'Longitude': '124°40′E'}",Eastern Visayas,"June 19, 1965",Catarman,,"{'Type': 'Sangguniang Panlalawigan', 'Governor': {'Name': 'Edwin C. Ongchuan ', 'Party': 'PFP'}, 'Vice Governor': {'Name': 'Clarence E. Dato ', 'Party': 'PFP'}, 'Legislature': 'Northern Samar Provincial Board'}","{'Total': 3692.932, 'Rank': 34}","{'Body': 'Mount Saamong', 'Peak': 514.0}",{},"{'Independent cities': 0, 'Component cities': 0, 'Municipalities': 24, 'Barangays': 569, 'Districts': 'Legislative districts of Northern Samar'}",UTC+8,+63 (0)55,PH-NSA,northernsamar.gov.ph ,/wiki/Northern_Samar,804800000,p:804800000
55,55,PH-NUE,Nueva Ecija,Palayan,2.12,2310134,Luzon,III,27,5.0,849,5751.33,2220.6,402.0,1040.0,"('25', 'Apr', '1801')",25.0,Apr,1801,/wiki/Nueva_Ecija,"{'Latitude': '15°35′N', 'Longitude': '121°00′E'}",Central Luzon,25 April 1801,Palayan,Cabanatuan,"{'Type': 'Sangguniang Panlalawigan', 'Governor': {'Name': 'Aurelio Umali ', 'Party': 'Unang Sigaw'}, 'Vice Governor': {'Name': 'Emmanuel Antonio Umali ', 'Party': 'Unang Sigaw'}, 'Legislature': 'Nueva Ecija Provincial Board'}","{'Total': 5751.332, 'Rank': 12}","{'Body': 'Mount Kiligantian', 'Peak': 1673.0}",{},"{'Independent cities': 0, 'Component cities': 5, 'Municipalities': 27, 'Barangays': 849, 'Districts': 'Legislative districts of Nueva Ecija'}",UTC+8,+63 (0)44,PH-NUE,www.nuevaecija.ph,/wiki/Nueva_Ecija,304900000,p:304900000
56,56,PH-NUV,Nueva Vizcaya,Bayombong,0.46,497432,Luzon,II,15,,275,3975.67,1535.01,125.0,324.0,"('24', 'May', '1839')",24.0,May,1839,/wiki/Nueva_Vizcaya,"{'Latitude': '16°29′N', 'Longitude': '121°09′E'}",Cagayan Valley,1839,Bayombong,,"{'Type': 'Sangguniang Panlalawigan', 'Governor': {'Name': 'Jose V. Gambito ', 'Party': 'PFP'}, 'Vice Governor': {'Name': 'Eufemia A. Dacayo ', 'Party': 'Lakas-CMD'}, 'Representative': {'Name': 'Luisa L. Cuaresma ', 'Party': 'Lakas-CMD'}, 'Legislature': 'Nueva Vizcaya Provincial Board'}","{'Total': 4813.882, 'Rank': None}","{'Body': 'Mount Pulag', 'Peak': 2928.0}",{},"{'Independent cities': 0, 'Component cities': 0, 'Municipalities': 15, 'Barangays': 275, 'Districts': 'Legislative district of Nueva Vizcaya'}",UTC+8,+63 (0)78,PH-NUV,www.nuevavizcaya.gov.ph,/wiki/Nueva_Vizcaya,205000000,p:205000000
57,57,PH-MDC,Occidental Mindoro,Mamburao,0.48,525354,Luzon,Mimaropa,11,,162,5865.71,2264.76,90.0,232.0,"('15', 'Nov', '1950')",15.0,Nov,1950,/wiki/Occidental_Mindoro,"{'Latitude': '13°00′N', 'Longitude': '120°55′E'}",Mimaropa,"November 15, 1950",Mamburao,,"{'Type': 'Sangguniang Panlalawigan', 'Governor': {'Name': 'Eduardo Gadiano ', 'Party': 'PFP'}, 'Vice Governor': {'Name': 'Diana Apigo-Tayag ', 'Party': 'Democratic Party of the Philippines'}, 'Representative': {'Name': 'Leody F. Tarriela ', 'Party': 'Democratic Party of the Philippines'}, 'Legislature': 'Occidental Mindoro Provincial Board'}","{'Total': 5865.712, 'Rank': 11}","{'Body': 'Mount Baco', 'Peak': 2488.0}",{},"{'Independent cities': 0, 'Component cities': 0, 'Municipalities': 11, 'Barangays': 164, 'Districts': 'Legislative district of Occidental Mindoro'}",UTC+8,+63 (0)43,PH-MDC,occidentalmindoro.gov.ph ,/wiki/Occidental_Mindoro,1705100000,p:1705100000
58,58,PH-MDR,Oriental Mindoro,Calapan,0.83,908339,Luzon,Mimaropa,14,1.0,426,4238.38,1636.45,214.0,555.0,"(None, None, '1663')",,,1663,/wiki/Oriental_Mindoro,"{'Latitude': '13°00′N', 'Longitude': '121°25′E'}",Mimaropa,"November 15, 1950",Calapan,,"{'Type': 'Sangguniang Panlalawigan', 'Governor': {'Name': 'Humerlito ""Bonz"" A. Dolor ', 'Party': 'PDP–Laban'}, 'Vice Governor': {'Name': 'Ejay L. Falcon ', 'Party': 'PDP–Laban'}, 'Legislature': 'Oriental Mindoro Provincial Board'}","{'Total': 4238.382, 'Rank': 28}","{'Body': 'Mount Halcon', 'Peak': 2616.0}",{},"{'Independent cities': 0, 'Component cities': 1, 'Municipalities': 14, 'Barangays': 426, 'Districts': 'Legislative districts of Oriental Mindoro'}",UTC+8,+63 (0)43,PH-MDR,www.ormindoro.gov.ph ,/wiki/Oriental_Mindoro,1705200000,p:1705200000
59,59,PH-PLW,Palawan,Puerto Princesa,1.14,1246673,Luzon,Mimaropa,23,1.0,433,17030.75,6575.61,73.0,190.0,"('23', 'Jan', '1902')",23.0,Jan,1902,/wiki/Palawan,"{'Latitude': '10°00′N', 'Longitude': '118°50′E'}",Mimaropa (in transition),1818,Puerto Princesa,,"{'Type': 'Sangguniang Panlalawigan', 'Governor': {'Name': 'Victorino Dennis M. Socrates ', 'Party': 'PPPL'}, 'Vice Governor': {'Name': 'Leoncio N. Ola ', 'Party': 'PPPL'}, 'Legislature': 'Palawan Provincial Board'}","{'Total': 14649.732, 'Rank': None, '': <td class=""infobox-data"">(excludes Puerto Princesa)</td>}","{'Body': 'Mount Mantalingajan', 'Peak': 2086.0}","{'Total': 939594, 'Density': 64170.0}","{'Independent cities': 1, 'Component cities': 0, 'Municipalities': 23, 'Barangays': 367433, 'Districts': 'Legislative districts of Palawan'}",UTC+8,+63 (0)48,PH-PLW,www.palawan.gov.ph ,/wiki/Palawan,1705300000,p:1705300000
60,60,PH-PAM,Pampanga,San Fernando,2.66,2900637,Luzon,III,19,3.0,538,2062.47,796.32,1406.0,3643.0,"('4', 'Sep', '1408')",4.0,Sep,1408,/wiki/Pampanga,"{'Latitude': '15°04′N', 'Longitude': '120°40′E'}",Central Luzon,"December 11, 1571",San Fernando,Angeles City,"{'Type': 'Sangguniang Panlalawigan', 'Governor': {'Name': 'Dennis Pineda ', 'Party': 'NPC/KAMBILAN'}, 'Vice Governor': {'Name': 'Lilia Pineda ', 'Party': 'NUP/KAMBILAN'}, 'Legislature': 'Pampanga Provincial Board'}","{'Total': 2002.202, 'Rank': None, '': <td class=""infobox-data"">(excluding Angeles)</td>}","{'Body': 'Mount Negron', 'Peak': 1583.0}","{'Total': 2437709, 'Density': 12003200.0}","{'Independent cities': 1, 'Component cities': 2, 'Municipalities': 19, 'Barangays': 505538, 'Districts': 'Legislative districts of Pampanga'}",UTC+8,+63 (0)45,PH-PAM,www.pampanga.gov.ph ,/wiki/Pampanga,305400000,p:305400000
61,61,PH-PAN,Pangasinan,Lingayen,2.9,3163190,Luzon,I,44,4.0,1364,5451.01,2104.65,580.0,1503.0,"('5', 'Apr', '1580')",5.0,Apr,1580,/wiki/Pangasinan,"{'Latitude': '15°55′N', 'Longitude': '120°20′E'}",Ilocos Region,"April 5, 1580",Lingayen,San Carlos,"{'Type': 'Sangguniang Panlalawigan', 'Governor': {'Name': 'Ramon V. Guico III ', 'Party': 'NP'}, 'Vice Governor': {'Name': 'Mark Ronald D. Lambino ', 'Party': 'Lakas–CMD'}, 'Legislature': 'Pangasinan Provincial Board'}","{'Total': 5451.012, 'Rank': 15}","{'Body': 'Mount San Isidro', 'Peak': 737.0}",{'Total': 3163190},"{'Independent cities': 1, 'Component cities': 3, 'Municipalities': 44, 'Barangays': 13331360, 'Districts': 'Legislative districts of Pangasinan'}",UTC+8,+63 (0)75,PH-PAN,www.pangasinan.gov.ph ,/wiki/Pangasinan,105500000,p:105500000
62,62,PH-QUE,Quezon,Lucena,2.04,2229383,Luzon,IV-A,39,2.0,1242,9069.6,3501.79,246.0,637.0,"(None, None, '1591')",,,1591,/wiki/Quezon,"{'Latitude': '13°56′N', 'Longitude': '121°37′E'}",Calabarzon,1591 (as Kalilayan),Lucena,,"{'Governor': {'Name': 'Angelina D.L. Tan ', 'Party': 'NPC'}, 'Vice Governor': {'Name': 'Anacleto A. Alcala III ', 'Party': 'NPC'}, 'Legislature': 'Quezon Provincial Board'}","{'Total': 8989.392, 'Rank': 8}","{'Body': 'Mount Banahaw', 'Peak': 2170.0}","{'Total': 1950459, 'Density': 220560.0}","{'Independent cities': 1, 'Component cities': 1, 'Municipalities': 39, 'Barangays': 12091242, 'Districts': 'Legislative districts of Quezon'}",UTC+8,+63 (0)42,PH-QUE,www.quezon.gov.ph ,/wiki/Quezon,405600000,p:405600000
63,63,PH-QUI,Quirino,Cabarroguis,0.19,203828,Luzon,II,6,,132,2323.47,897.1,88.0,227.0,"('18', 'Jun', '1966')",18.0,Jun,1966,/wiki/Quirino,"{'Latitude': '16°17′N', 'Longitude': '121°35′E'}",Cagayan Valley,"June 18, 1966",Cabarroguis,,"{'Type': 'Sangguniang Panlalawigan', 'Governor': {'Name': 'Dakila Carlo E. Cua ', 'Party': 'PFP'}, 'Vice Governor': {'Name': 'Julius Caesar S. Vaquilar ', 'Party': 'PDP–Laban'}, 'Representative': {'Name': 'Midy N. Cua ', 'Party': 'Lakas–CMD'}, 'Legislature': 'Quirino Provincial Board'}","{'Total': 2319.662, 'Rank': 54}","{'Body': 'Mount Dialanese', 'Peak': 1808.0}",{},"{'Independent cities': 0, 'Component cities': 0, 'Municipalities': 6, 'Barangays': 132, 'Districts': 'Legislative district of Quirino'}",UTC+8,+63 (0)78,PH-QUI,www.quirinoprovince.org ,/wiki/Quirino,205700000,p:205700000
64,64,PH-RIZ,Rizal,Antipolo,3.05,3330143,Luzon,IV-A,13,1.0,189,1191.94,460.21,2794.0,7236.0,"('23', 'Feb', '1853')",23.0,Feb,1853,/wiki/Rizal_(province),"{'Latitude': '14°40′N', 'Longitude': '121°15′E'}",Calabarzon,"June 11, 1901",Antipolo,,"{'Type': 'Sangguniang Panlalawigan', 'Governor': {'Name': 'Nina Ricci A. Ynares ', 'Party': 'NPC'}, 'Vice Governor': {'Name': 'Reynaldo H. San Juan, Jr. ', 'Party': 'PFP'}, 'Legislature': 'Rizal Provincial Board'}","{'Total': 1191.942, 'Rank': None}","{'Body': 'Mount Irid', 'Peak': 1509.0}",{},"{'Independent cities': 0, 'Component cities': 1, 'Municipalities': 13, 'Barangays': 189, 'Districts': 'Legislative districts of Rizal'}",UTC+8,+63 (0)2,PH-RIZ,rizalprovince.ph ,/wiki/Rizal_(province),405800000,p:405800000
65,65,PH-ROM,Romblon,Romblon,0.28,308985,Luzon,Mimaropa,17,,219,1533.45,592.07,201.0,522.0,"('16', 'Mar', '1901')",16.0,Mar,1901,/wiki/Romblon,"{'Latitude': '12°33′N', 'Longitude': '122°17′E'}",Mimaropa,16 March 1901,Romblon,,"{'Type': 'Sangguniang Panlalawigan', 'Governor': {'Name': 'Jose R. Riano ', 'Party': 'PFP'}, 'Vice Governor': {'Name': 'Armando Gutierrez ', 'Party': 'PDP–Laban'}, 'Representative': {'Name': 'Eleandro Jesus F. Madrona ', 'Party': 'NP'}, 'Legislature': 'Romblon Provincial Board'}","{'Total': 1533.452, 'Rank': 68}","{'Body': 'Guiting-Guiting', 'Peak': 2058.0}",{},"{'Independent cities': 0, 'Component cities': 0, 'Municipalities': 17, 'Barangays': 219, 'Districts': 'Legislative district of Romblon'}",UTC+08:00,+63 (0)42,PH-ROM,,/wiki/Romblon,1705900000,p:1705900000
66,66,PH-WSA,Samar,Catbalogan,0.73,793183,Visayas,VIII,24,2.0,951,6048.03,2335.16,131.0,340.0,"('4', 'Feb', '1792')",4.0,Feb,1792,/wiki/Samar_(province),"{'Latitude': '11°50′N', 'Longitude': '125°00′E'}",Eastern Visayas,"June 19, 1965",Catbalogan,Calbayog,"{'Type': 'Sangguniang Panlalawigan', 'Governor': {'Name': 'Sharee Ann T. Tan  ', 'Party': 'NP'}, 'Vice Governor': {'Name': 'Arnold V. Tan ', 'Party': 'NP'}, 'Legislature': 'Samar Provincial Board'}","{'Total': 6048.032, 'Rank': 10}","{'Body': 'Mount Huraw', 'Peak': 890.0}",{},{},UTC+8,+63 (0)55,PH-WSA,samar.lgu-ph.com ,/wiki/Samar_(province),806000000,p:806000000
67,67,PH-SAR,Sarangani,Alabel,0.51,558946,Mindanao,XII,7,,141,3601.25,1390.45,155.0,402.0,"('16', 'Mar', '1992')",16.0,Mar,1992,/wiki/Sarangani,"{'Latitude': '5°52′N', 'Longitude': '125°17′E'}",Soccsksargen,"November 28, 1992",Alabel,,"{'Type': 'Sangguniang Panlalawigan', 'Governor': {'Name': 'Rogelio D. Pacquiao ', 'Party': 'PCM'}, 'Vice Governor': {'Name': 'Elmer T. de Peralta ', 'Party': 'PCM'}, 'Representative': {'Name': 'Steve Solon ', 'Party': 'PCM'}, 'Legislature': 'Sarangani Provincial Board'}","{'Total': 3601.252, 'Rank': 37}","{'Body': 'Mount Busa', 'Peak': 2083.0}",{},"{'Independent cities': 0, 'Component cities': 0, 'Municipalities': 7, 'Barangays': 142, 'Districts': 'Legislative district of Sarangani'}",UTC+8,+63 (0)83,PH-SAR,www.sarangani.gov.ph ,/wiki/Sarangani,1208000000,p:1208000000
68,68,PH-SIG,Siquijor,Siquijor,0.09,103395,Visayas,NIR,6,,134,337.49,130.31,306.0,793.0,"('17', 'Sep', '1971')",17.0,Sep,1971,/wiki/Siquijor,"{'Latitude': '9°11′N', 'Longitude': '123°35′E'}",Negros Island Region,17 September 1971,Siquijor,,"{'Type': 'Sangguniang Panlalawigan', 'Governor': {'Name': 'Jake Vincent S. Villa ', 'Party': 'PFP'}, 'Vice Governor': {'Name': 'Mei Ling M. Quezon-Brown ', 'Party': 'NPC'}, 'Representative': {'Name': 'Zaldy Villa ', 'Party': 'PDPLBN'}, 'Legislature': 'Siquijor Provincial Board'}","{'Total': 337.492, 'Rank': 79}","{'Body': 'Mount Malabahoc', 'Peak': 628.0}",{},"{'Componentcities': <td class=""infobox-data"">0</td>, 'Municipalities': 6, 'Barangays': 134, 'Districts': 'Legislative district of Siquijor'}",UTC+08:00,+63 (0)35,PH-SIG,siquijorprovince.com,/wiki/Siquijor,706100000,p:706100000
69,69,PH-SOR,Sorsogon,Sorsogon City,0.76,828655,Luzon,V,14,1.0,541,2119.01,818.15,391.0,1013.0,"('17', 'Oct', '1894')",17.0,Oct,1894,/wiki/Sorsogon,"{'Latitude': '12°50′N', 'Longitude': '123°55′E'}",Bicol Region,"October 17, 1894",Sorsogon City,,"{'Type': 'Sangguniang Panlalawigan', 'Governor': {'Name': 'Jose Edwin B. Hamor ', 'Party': 'NPC'}, 'Vice Governor': {'Name': 'Krunimar Antonio D. Escudero II ', 'Party': 'NPC'}, 'Legislature': 'Sorsogon Provincial Board'}","{'Total': 2119.012, 'Rank': 59}","{'Body': 'Mount Bulusan', 'Peak': 1565.0}",{},"{'Independent cities': 0, 'Component cities': 1, 'Municipalities': 14, 'Barangays': 541, 'Districts': 'Legislative districts of Sorsogon'}",UTC+8,+63 (0)56,PH-SOR,www.sorsogon.gov.ph ,/wiki/Sorsogon,506200000,p:506200000
70,70,PH-SCO,South Cotabato,Koronadal,1.53,1672791,Mindanao,XII,10,2.0,225,4428.81,1709.97,378.0,978.0,"('18', 'Jun', '1966')",18.0,Jun,1966,/wiki/South_Cotabato,"{'Latitude': '6°10′N', 'Longitude': '125°00′E'}",Soccsksargen,"July 18, 1966",Koronadal,General Santos,"{'Type': 'Sangguniang Panlalawigan', 'Governor': {'Name': 'Reynaldo S. Tamayo Jr. ', 'Party': 'PFP'}, 'Vice Governor': {'Name': 'Arthur Y. Pingoy Jr. ', 'Party': 'PFP'}, 'Legislature': 'South Cotabato Provincial Board'}","{'Total': 3935.952, 'Rank': None, '': <td class=""infobox-data"">(excluding General Santos)</td>}","{'Body': 'Mount Matutum', 'Peak': 2286.0}","{'Total': 975476, 'Density': 250640.0}","{'Independent cities': 1, 'Component cities': 1, 'Municipalities': 10, 'Barangays': 199225, 'Districts': 'Legislative districts of South Cotabato'}",UTC+8,+63 (0)83,PH-SCO,www.southcotabato.gov.ph,/wiki/South_Cotabato,1206300000,p:1206300000
71,71,PH-SLE,Southern Leyte,Maasin,0.39,429573,Visayas,VIII,18,1.0,500,1798.61,694.45,239.0,619.0,"('22', 'May', '1959')",22.0,May,1959,/wiki/Southern_Leyte,"{'Latitude': '10°20′N', 'Longitude': '125°05′E'}",Eastern Visayas,"May 22, 1959",Maasin,,"{'Type': 'Sangguniang Panlalawigan', 'Governor': {'Name': 'Damian G. Mercado ', 'Party': 'PFP'}, 'Vice Governor': {'Name': 'Rosa Emilia G. Mercado ', 'Party': 'PDP-Laban'}, 'Legislature': 'Southern Leyte Provincial Board \nMembers\n1st ProvDistFe EdilloJonathan Lee MaraonTeopisto RojasPedro Fustanes2nd ProvDistNapoleon RegisMyra RentuzaRolando Quiboy BacoyVirgilio Mortera\n'}","{'Total': 1798.612, 'Rank': 65}","{'Body': 'Mount Bitanjuan', 'Peak': 965.0}",{},"{'Independent cities': 0, 'Component cities': 1, 'Municipalities': 18, 'Barangays': 500, 'Districts': 'Legislative Districts of Southern Leyte'}",UTC+8,+63 (0)53,PH-SLE,www.southernleyte.gov.ph,/wiki/Southern_Leyte,806400000,p:806400000
72,72,PH-SUK,Sultan Kudarat,Isulan,0.78,854052,Mindanao,XII,11,1.0,249,5298.34,2045.7,161.0,417.0,"('22', 'Nov', '1973')",22.0,Nov,1973,/wiki/Sultan_Kudarat,"{'Latitude': '6°33′N', 'Longitude': '124°17′E'}",Soccsksargen,"November 22, 1973",Isulan,Tacurong City,"{'Type': 'Sangguniang Panlalawigan', 'Governor': 'Datu Pax Ali S. Mangudadatu', 'Vice Governor': 'Raden C. Sakaluran', 'Legislature': 'Sultan Kudarat Provincial Board'}","{'Total': 5298.342, 'Rank': 18}","{'Body': 'Mount Pitot Kalabaw', 'Peak': 1503.0}",{},"{'Independent cities': 0, 'Component cities': 1, 'Municipalities': 11, 'Barangays': 249, 'Districts': 'Legislative districts of Sultan Kudarat'}",UTC+8,+63 (0)64,PH-SUK,sultankudaratprovince.gov.ph,/wiki/Sultan_Kudarat,1206500000,p:1206500000
73,73,PH-SLU,Sulu,Jolo,0.92,1000108,Mindanao,BARMM,19,,410,1600.4,617.92,625.0,1619.0,"('10', 'Mar', '1917')",10.0,Mar,1917,/wiki/Sulu,"{'Latitude': '6°N', 'Longitude': '121°E'}", Bangsamoro,"March 10, 1917",Jolo,,"{'Type': 'Sangguniang Panlalawigan', 'Governor': {'Name': 'Abdusakur M. Tan ', 'Party': 'PDP-Laban'}, 'Vice Governor': {'Name': 'Abdusakur A. Tan II ', 'Party': 'PDP-Laban'}, 'Legislature': 'Sulu Provincial Board'}","{'Total': 1600.402, 'Rank': 66}","{'Body': 'Mount Tumatangis', 'Peak': 811.0}",{},"{'Independent cities': 0, 'Component cities': 0, 'Municipalities': 19, 'Barangays': 410, 'Districts': 'Legislative districts of Sulu'}",UTC+8,+63 (0)68,PH-SLU,,/wiki/Sulu,1906600000,p:1906600000
74,74,PH-SUN,Surigao del Norte,Surigao City,0.49,534636,Mindanao,XIII,20,1.0,335,1972.93,761.75,271.0,702.0,"('15', 'May', '1901')",15.0,May,1901,/wiki/Surigao_del_Norte,"{'Latitude': '10°N', 'Longitude': '126°E'}",Caraga,"June 19, 1960",Surigao City,,"{'Type': 'Sangguniang Panlalawigan', 'Governor': {'Name': 'Robert Lyndon S. Barbers ', 'Party': 'NP'}, 'Vice Governor': {'Name': 'Eddie D. Gokiangkee, Jr. ', 'Party': 'PDP-Laban'}, 'Legislature': 'Surigao del Norte Provincial Board'}","{'Total': 1972.932, 'Rank': None}","{'Body': 'Mount Legaspi', 'Peak': 1170.0}",{},{},UTC+8,+63 (0)86,PH-SUN,surigaodelnorte.gov.ph,/wiki/Surigao_del_Norte,1606700000,p:1606700000
75,75,PH-SUR,Surigao del Sur,Tandag,0.59,642255,Mindanao,XIII,17,2.0,309,4932.7,1904.53,130.0,337.0,"('16', 'Jun', '1960')",16.0,Jun,1960,/wiki/Surigao_del_Sur,"{'Latitude': '8°40′N', 'Longitude': '126°00′E'}",Caraga,"June 19, 1960",Tandag,Bislig,"{'Type': 'Sangguniang Panlalawigan', 'Governor': {'Name': 'Alexander T. Pimentel ', 'Party': 'PDP–Laban'}, 'Vice Governor': {'Name': 'Manuel O. Alameda ', 'Party': 'Hugpong Surigao Sur'}, 'Legislature': 'Surigao del Sur Provincial Board'}","{'Total': 4932.702, 'Rank': None}","{'Body': 'Mount Diuata', 'Peak': 611.0}",{},"{'Independent cities': 0, 'Component cities': 2, 'Municipalities': 17, 'Barangays': 309, 'Districts': 'Legislative districts of Surigao del Sur'}",UTC+8,+63 (0)86,PH-SUR,www.surigaodelsur.gov.ph,/wiki/Surigao_del_Sur,1606800000,p:1606800000
76,76,PH-TAR,Tarlac,Tarlac City,1.38,1503456,Luzon,III,17,1.0,511,3053.6,1179.0,492.0,1275.0,"('28', 'Mar', '1872')",28.0,Mar,1872,/wiki/Tarlac,"{'Latitude': '15°30′N', 'Longitude': '120°30′E'}",Central Luzon,28 May 1873,Tarlac City,,"{'Type': 'Sangguniang Panlalawigan', 'Governor': {'Name': 'Susan Y. Sulit ', 'Party': 'NPC'}, 'Vice Governor': {'Name': 'Carlito S. David ', 'Party': 'NPC'}, 'Legislature': 'Tarlac Provincial Board'}","{'Total': 3053.602, 'Rank': 45}","{'Body': 'Mount Iba', 'Peak': 1655.0}",{},"{'Independent cities': 0, 'Component cities': 1, 'Municipalities': 17, 'Barangays': 511, 'Districts': 'Legislative districts of Tarlac'}",UTC+8,+63 (0)45,PH-TAR,visit-tarlac.com,/wiki/Tarlac,306900000,p:306900000
77,77,PH-TAW,Tawi-Tawi,Bongao,0.4,440276,Mindanao,BARMM,11,,203,1087.4,419.85,405.0,1049.0,"('11', 'Sep', '1973')",11.0,Sep,1973,/wiki/Tawi-Tawi,"{'Latitude': '5°12′00″N', 'Longitude': '120°05′00″E'}", Bangsamoro,"September 11, 1973",Bongao,,"{'Type': 'Sangguniang Panlalawigan', 'Governor': {'Name': 'Yshmael I. Sali ', 'Party': 'TOP'}, 'Vice Governor': {'Name': 'Al-Syed A. Sali ', 'Party': 'TOP'}, 'Representative': {'Name': 'Dimszar M. Sali ', 'Party': 'NUP'}}","{'Total': 1087.402, 'Rank': 74}","{'Body': 'Mount Sibangkat[2]', 'Peak': 552.0}",{},{},UTC+8,+63 (0)68,PH-TAW,,/wiki/Tawi-Tawi,1907000000,p:1907000000
78,78,PH-ZMB,Zambales,Iba,0.83,909932,Luzon,III,13,1.0,247,3830.83,1479.09,238.0,615.0,"(None, None, '1578')",,,1578,/wiki/Zambales,"{'Latitude': '15°20′N', 'Longitude': '120°10′E'}",Central Luzon,1578,Iba,Olongapo,"{'Type': 'Sangguniang Panlalawigan', 'Governor': {'Name': 'Hermogenes E. Ebdane, Jr. ', 'Party': 'PFP'}, 'Vice Governor': {'Name': 'Jacqueline Rose F. Khonghun ', 'Party': 'Aksyon'}, 'Legislature': 'Zambales Provincial Board'}","{'Total': 3645.832, 'Rank': 35, '': <td class=""infobox-data"">(excluding Olongapo City)</td>}","{'Body': 'Mount Tapulao', 'Peak': 2037.0}",{'Total': 649615909932},"{'Independent cities': 1, 'Component cities': 0, 'Municipalities': 13, 'Barangays': 230247, 'Districts': 'Legislative districts of Zambales'}",UTC+8,+63 (0)47,PH-ZMB,www.zambales.gov.ph,/wiki/Zambales,307100000,p:307100000
79,79,PH-ZAN,Zamboanga del Norte,Dipolog,0.96,1047455,Mindanao,IX,25,2.0,691,7301.0,2818.93,143.0,372.0,"('6', 'Jun', '1952')",6.0,Jun,1952,/wiki/Zamboanga_del_Norte,"{'Latitude': '8°08′00″N', 'Longitude': '123°00′00″E'}",Zamboanga Peninsula,"June 6, 1952",Dipolog,,"{'Type': 'Sangguniang Panlalawigan', 'Governor': {'Name': 'Rosalina G. Jalosjos ', 'Party': 'Nacionalista'}, 'Vice Governor': {'Name': 'Julius C. Napigquit ', 'Party': 'PDP–Laban'}, 'Legislature': 'Zamboanga del Norte Provincial Board'}","{'Total': 7301.002, 'Rank': 9}","{'Body': 'Mount Dansalan', 'Peak': 629.0}",{},"{'Independent cities': 0, 'Component cities': 2, 'Municipalities': 25, 'Barangays': 691, 'Districts': 'Legislative districts of Zamboanga del Norte'}",UTC+8,+63 (0)65,PH-ZAN,Province of Zamboanga del Norte Official Website,/wiki/Zamboanga_del_Norte,907200000,p:907200000
80,80,PH-ZAS,Zamboanga del Sur,Pagadian,1.86,2027902,Mindanao,IX,26,2.0,779,5914.16,2283.47,343.0,888.0,"('1', 'Sep', '1914')",1.0,Sep,1914,/wiki/Zamboanga_del_Sur,"{'Latitude': '7°50′N', 'Longitude': '123°15′E'}",Zamboanga Peninsula,"
June 6, 1952 (Divide)
September 17, 1952 (Celebration)
",Pagadian,,"{'Governor': {'Name': 'Victor Yu ', 'Party': 'PDPLBN'}, 'Vice Governor': {'Name': 'Roseller Ariosa ', 'Party': 'PDPLBN'}, 'Legislature': 'Zamboanga del Sur Provincial Board'}","{'Total': 4499.462, 'Rank': 25, '': <td class=""infobox-data"">(excluding Zamboanga City)</td>}","{'Body': 'Mount Pinukis', 'Peak': 1532.0}","{'Total': 1050668, 'Density': 230600.0}","{'Independent cities': 1, 'Component cities': 1, 'Municipalities': 26, 'Barangays': 681779, 'Districts': 'Legislative districts of Zamboanga del Sur'}",UTC+8,+63 (0)62,PH-ZAS,www.zamboangadelsur.gov.ph,/wiki/Zamboanga_del_Sur,907300000,p:907300000
81,81,PH-ZSI,Zamboanga Sibugay,Ipil,0.61,669840,Mindanao,IX,16,,389,3607.75,1392.96,186.0,481.0,"('22', 'Feb', '2001')",22.0,Feb,2001,/wiki/Zamboanga_Sibugay,"{'Latitude': '7°48′N', 'Longitude': '122°40′E'}",Zamboanga Peninsula,22 February 2001,Ipil,,"{'Type': 'Sangguniang Panlalawigan', 'Governor': {'Name': 'Dulce Ann Hofer ', 'Party': 'PFP'}, 'Vice Governor': {'Name': 'Rey Andre C. Olegario ', 'Party': 'NP'}, 'Legislature': 'Zamboanga Sibugay Provincial Board'}","{'Total': 3607.752, 'Rank': 36}","{'Body': 'Quipit Peak', 'Peak': 899.0}",{},"{'Independent cities': 0, 'Component cities': 0, 'Municipalities': 16, 'Barangays': 389, 'Districts': 'Legislative districts of Zamboanga Sibugay'}",UTC+8,+63 (0)62,PH-ZSI,www.sibugayprovince.com,/wiki/Zamboanga_Sibugay,908300000,p:908300000
82,82,PH-00,Metro Manila,Manila,12.37,13484462,Luzon,NCR[B],1,16.0,1706,638.55,246.55,21117.0,54694.0,"(None, None, '—')",,,—,/wiki/Metro_Manila,"{'Latitude': '14°35′N', 'Longitude': '121°00′E'}",636.00 km2 (245.56 sq mi),,Manila,,"{'Type': 'Metropolitan government under decentralized framework[4]', 'Body': 'Metropolitan Manila Development Authority', 'MMDA Chairman': {'Name': 'Romando Artes ', 'Party': 'acting'}, 'Metro Manila Council President': 'Francis Zamora'}","{'Region': <td class=""infobox-data"">636.00 km<sup>2</sup> (245.56 sq mi)</td>}","{'Body': None, 'Peak': None}",{},{},UTC+8,+63 (0)2,PH-00,mmda.gov.ph ,/wiki/Metro_Manila,MM,p:MM
